raw_field,alternative_name,source_page,section_id,section_name,question_id,subquestion_id,question_text,field_role,response_type,data_type,units,canonical_name,table_name,row_index,row_label,column_name,codebook_id,notes
premid,Premises ID,1,A,Premises Information,A1,,Premises ID,scalar_response,text,character,,premises_id,,,,,,"Derived from the official blank May 28, 2024 responder template; raw field name is immutable."
premname,Premises Name,1,A,Premises Information,A1,,Premises Name,scalar_response,text,character,,premises_name,,,,,,"Derived from the official blank May 28, 2024 responder template; raw field name is immutable."
premadd,Premises Address,1,A,Premises Information,A1,,Premises Address,scalar_response,text,character,,premises_address,,,,,,"Derived from the official blank May 28, 2024 responder template; raw field name is immutable."
premcnty,Premises County,1,A,Premises Information,A1,,Premises County,scalar_response,text,character,,premises_county,,,,,,"Derived from the official blank May 28, 2024 responder template; raw field name is immutable."
ownname,Premises Owner Name,1,A,Premises Information,A1,,Premises Owner Name,scalar_response,text,character,,premises_owner_name,,,,,,"Derived from the official blank May 28, 2024 responder template; raw field name is immutable."
ownph,Premises Owner Phone,1,A,Premises Information,A1,,Premises Owner Phone,scalar_response,text,character,,premises_owner_phone,,,,,,"Derived from the official blank May 28, 2024 responder template; raw field name is immutable."
owneml,Premises Owner Email,1,A,Premises Information,A1,,Premises Owner Email,scalar_response,text,character,,premises_owner_email,,,,,,"Derived from the official blank May 28, 2024 responder template; raw field name is immutable."
premlat,Premises Entrance Latitude,1,A,Premises Information,A1,,Premises Entrance Latitude,scalar_response,text,numeric,degrees,premises_latitude,,,,,,"Derived from the official blank May 28, 2024 responder template; raw field name is immutable."
premlong,Premises Entrance Longitude,1,A,Premises Information,A1,,Premises Entrance Longitude,scalar_response,text,numeric,degrees,premises_longitude,,,,,,"Derived from the official blank May 28, 2024 responder template; raw field name is immutable."
amlname,Animal Owner Name,1,A,Premises Information,A1,,Animal Owner Name,scalar_response,text,character,,animal_owner_name,,,,,,"Derived from the official blank May 28, 2024 responder template; raw field name is immutable."
amladd,Animal Owner Address,1,A,Premises Information,A1,,Animal Owner Address,scalar_response,text,character,,animal_owner_address,,,,,,"Derived from the official blank May 28, 2024 responder template; raw field name is immutable."
amlph,Animal Owner Phone,1,A,Premises Information,A1,,Animal Owner Phone,scalar_response,text,character,,animal_owner_phone,,,,,,"Derived from the official blank May 28, 2024 responder template; raw field name is immutable."
amleml,Animal Owner Email,1,A,Premises Information,A1,,Animal Owner Email,scalar_response,text,character,,animal_owner_email,,,,,,"Derived from the official blank May 28, 2024 responder template; raw field name is immutable."
weename,Interviewee Name,1,A,Premises Information,A1,,Interviewee Name,scalar_response,text,character,,interviewee_name,,,,,,"Derived from the official blank May 28, 2024 responder template; raw field name is immutable."
weepos,Interviewee Position,1,A,Premises Information,A1,,Interviewee Position,scalar_response,text,character,,interviewee_position,,,,,,"Derived from the official blank May 28, 2024 responder template; raw field name is immutable."
weeph,Interviewee Phone,1,A,Premises Information,A1,,Interviewee Phone,scalar_response,text,character,,interviewee_phone,,,,,,"Derived from the official blank May 28, 2024 responder template; raw field name is immutable."
weeeml,Interviewee Email,1,A,Premises Information,A1,,Interviewee Email,scalar_response,text,character,,interviewee_email,,,,,,"Derived from the official blank May 28, 2024 responder template; raw field name is immutable."
wername,Interviewer Name,1,A,Premises Information,A1,,Interviewer Name,scalar_response,text,character,,interviewer_name,,,,,,"Derived from the official blank May 28, 2024 responder template; raw field name is immutable."
werph,Interviewer Phone,1,A,Premises Information,A1,,Interviewer Phone,scalar_response,text,character,,interviewer_phone,,,,,,"Derived from the official blank May 28, 2024 responder template; raw field name is immutable."
wereml,Interviewer Email,1,A,Premises Information,A1,,Interviewer Email,scalar_response,text,character,,interviewer_email,,,,,,"Derived from the official blank May 28, 2024 responder template; raw field name is immutable."
p0001,Todays Date,2,B,Flock Information,B1,,Todays Date,scalar_response,date,date,date,today_date,,,,,,"Derived from the official blank May 28, 2024 responder template; raw field name is immutable."
p0002,Date Clinical Signs First Observed,2,B,Flock Information,B1,,Date Clinical Signs First Observed,scalar_response,date,date,date,clinical_signs_first_observed_date,,,,,,"Derived from the official blank May 28, 2024 responder template; raw field name is immutable."
p0003,28-Days Prior,2,B,Flock Information,B1,,28-Days Prior,scalar_response,date,date,date,date_28_days_before_clinical_signs,,,,,,"Derived from the official blank May 28, 2024 responder template; raw field name is immutable."
p0004,Description of Clinical Signs,2,B,Flock Information,B1,,Description of Clinical Signs,scalar_response,text,character,,clinical_signs_description,,,,,,"Derived from the official blank May 28, 2024 responder template; raw field name is immutable."
p0005,Baseline Mortality Rate,2,B,Flock Information,B1,,Baseline Mortality Rate,scalar_response,text,numeric,count,baseline_mortality,,,,,,"Derived from the official blank May 28, 2024 responder template; raw field name is immutable."
p0006,Initial Sampling Mortality Rate,2,B,Flock Information,B1,,Initial Sampling Mortality Rate,scalar_response,text,numeric,count,initial_sampling_mortality,,,,,,"Derived from the official blank May 28, 2024 responder template; raw field name is immutable."
p0007a,Date,2,B,Flock Information,B2,,Date,table_cell,table,date,date,ai_tests_date,ai_tests,1,,date,,"Derived from the official blank May 28, 2024 responder template; raw field name is immutable."
p0008a,Date,2,B,Flock Information,B2,,Date,table_cell,table,date,date,ai_tests_date,ai_tests,2,,date,,"Derived from the official blank May 28, 2024 responder template; raw field name is immutable."
p0009a,Date,2,B,Flock Information,B2,,Date,table_cell,table,date,date,ai_tests_date,ai_tests,3,,date,,"Derived from the official blank May 28, 2024 responder template; raw field name is immutable."
p0007b,Results,2,B,Flock Information,B2,,Results,table_cell,table,character,,ai_tests_result,ai_tests,1,,result,,"Derived from the official blank May 28, 2024 responder template; raw field name is immutable."
p0008b,Results,2,B,Flock Information,B2,,Results,table_cell,table,character,,ai_tests_result,ai_tests,2,,result,,"Derived from the official blank May 28, 2024 responder template; raw field name is immutable."
p0009b,Results,2,B,Flock Information,B2,,Results,table_cell,table,character,,ai_tests_result,ai_tests,3,,result,,"Derived from the official blank May 28, 2024 responder template; raw field name is immutable."
p0007c,Test Type,2,B,Flock Information,B2,,Test Type,table_cell,table,character,,ai_tests_test_type,ai_tests,1,,test_type,,"Derived from the official blank May 28, 2024 responder template; raw field name is immutable."
p0008c,Test Type,2,B,Flock Information,B2,,Test Type,table_cell,table,character,,ai_tests_test_type,ai_tests,2,,test_type,,"Derived from the official blank May 28, 2024 responder template; raw field name is immutable."
p0009c,Test Type,2,B,Flock Information,B2,,Test Type,table_cell,table,character,,ai_tests_test_type,ai_tests,3,,test_type,,"Derived from the official blank May 28, 2024 responder template; raw field name is immutable."
p00010a,House ID,2,B,Flock Information,B3,,House ID,table_cell,table,character,,houses_house_id,houses,1,,house_id,,"Derived from the official blank May 28, 2024 responder template; raw field name is immutable."
p00011a,House ID,2,B,Flock Information,B3,,House ID,table_cell,table,character,,houses_house_id,houses,2,,house_id,,"Derived from the official blank May 28, 2024 responder template; raw field name is immutable."
p00012a,House ID,2,B,Flock Information,B3,,House ID,table_cell,table,character,,houses_house_id,houses,3,,house_id,,"Derived from the official blank May 28, 2024 responder template; raw field name is immutable."
p00013a,House ID,2,B,Flock Information,B3,,House ID,table_cell,table,character,,houses_house_id,houses,4,,house_id,,"Derived from the official blank May 28, 2024 responder template; raw field name is immutable."
p00014a,House ID,2,B,Flock Information,B3,,House ID,table_cell,table,character,,houses_house_id,houses,5,,house_id,,"Derived from the official blank May 28, 2024 responder template; raw field name is immutable."
p00015a,House ID,2,B,Flock Information,B3,,House ID,table_cell,table,character,,houses_house_id,houses,6,,house_id,,"Derived from the official blank May 28, 2024 responder template; raw field name is immutable."
p00016a,House ID,2,B,Flock Information,B3,,House ID,table_cell,table,character,,houses_house_id,houses,7,,house_id,,"Derived from the official blank May 28, 2024 responder template; raw field name is immutable."
p00010b,Type of Birds,2,B,Flock Information,B3,,Type of Birds,table_cell,table,character,,houses_bird_type,houses,1,,bird_type,,"Derived from the official blank May 28, 2024 responder template; raw field name is immutable."
p00011b,Type of Birds,2,B,Flock Information,B3,,Type of Birds,table_cell,table,character,,houses_bird_type,houses,2,,bird_type,,"Derived from the official blank May 28, 2024 responder template; raw field name is immutable."
p00012b,Type of Birds,2,B,Flock Information,B3,,Type of Birds,table_cell,table,character,,houses_bird_type,houses,3,,bird_type,,"Derived from the official blank May 28, 2024 responder template; raw field name is immutable."
p00013b,Type of Birds,2,B,Flock Information,B3,,Type of Birds,table_cell,table,character,,houses_bird_type,houses,4,,bird_type,,"Derived from the official blank May 28, 2024 responder template; raw field name is immutable."
p00014b,Type of Birds,2,B,Flock Information,B3,,Type of Birds,table_cell,table,character,,houses_bird_type,houses,5,,bird_type,,"Derived from the official blank May 28, 2024 responder template; raw field name is immutable."
p00015b,Type of Birds,2,B,Flock Information,B3,,Type of Birds,table_cell,table,character,,houses_bird_type,houses,6,,bird_type,,"Derived from the official blank May 28, 2024 responder template; raw field name is immutable."
p00016b,Type of Birds,2,B,Flock Information,B3,,Type of Birds,table_cell,table,character,,houses_bird_type,houses,7,,bird_type,,"Derived from the official blank May 28, 2024 responder template; raw field name is immutable."
p00010c,Number of Birds Today,2,B,Flock Information,B3,,Number of Birds Today,table_cell,table,numeric,count,houses_birds_today,houses,1,,birds_today,,"Derived from the official blank May 28, 2024 responder template; raw field name is immutable."
p00011c,Number of Birds Today,2,B,Flock Information,B3,,Number of Birds Today,table_cell,table,numeric,count,houses_birds_today,houses,2,,birds_today,,"Derived from the official blank May 28, 2024 responder template; raw field name is immutable."
p00012c,Number of Birds Today,2,B,Flock Information,B3,,Number of Birds Today,table_cell,table,numeric,count,houses_birds_today,houses,3,,birds_today,,"Derived from the official blank May 28, 2024 responder template; raw field name is immutable."
p00013c,Number of Birds Today,2,B,Flock Information,B3,,Number of Birds Today,table_cell,table,numeric,count,houses_birds_today,houses,4,,birds_today,,"Derived from the official blank May 28, 2024 responder template; raw field name is immutable."
p00014c,Number of Birds Today,2,B,Flock Information,B3,,Number of Birds Today,table_cell,table,numeric,count,houses_birds_today,houses,5,,birds_today,,"Derived from the official blank May 28, 2024 responder template; raw field name is immutable."
p00015c,Number of Birds Today,2,B,Flock Information,B3,,Number of Birds Today,table_cell,table,numeric,count,houses_birds_today,houses,6,,birds_today,,"Derived from the official blank May 28, 2024 responder template; raw field name is immutable."
p00016c,Number of Birds Today,2,B,Flock Information,B3,,Number of Birds Today,table_cell,table,numeric,count,houses_birds_today,houses,7,,birds_today,,"Derived from the official blank May 28, 2024 responder template; raw field name is immutable."
p00010d,Number of Birds Placed,2,B,Flock Information,B3,,Number of Birds Placed,table_cell,table,numeric,count,houses_birds_placed,houses,1,,birds_placed,,"Derived from the official blank May 28, 2024 responder template; raw field name is immutable."
p00011d,Number of Birds Placed,2,B,Flock Information,B3,,Number of Birds Placed,table_cell,table,numeric,count,houses_birds_placed,houses,2,,birds_placed,,"Derived from the official blank May 28, 2024 responder template; raw field name is immutable."
p00012d,Number of Birds Placed,2,B,Flock Information,B3,,Number of Birds Placed,table_cell,table,numeric,count,houses_birds_placed,houses,3,,birds_placed,,"Derived from the official blank May 28, 2024 responder template; raw field name is immutable."
p00013d,Number of Birds Placed,2,B,Flock Information,B3,,Number of Birds Placed,table_cell,table,numeric,count,houses_birds_placed,houses,4,,birds_placed,,"Derived from the official blank May 28, 2024 responder template; raw field name is immutable."
p00014d,Number of Birds Placed,2,B,Flock Information,B3,,Number of Birds Placed,table_cell,table,numeric,count,houses_birds_placed,houses,5,,birds_placed,,"Derived from the official blank May 28, 2024 responder template; raw field name is immutable."
p00015d,Number of Birds Placed,2,B,Flock Information,B3,,Number of Birds Placed,table_cell,table,numeric,count,houses_birds_placed,houses,6,,birds_placed,,"Derived from the official blank May 28, 2024 responder template; raw field name is immutable."
p00016d,Number of Birds Placed,2,B,Flock Information,B3,,Number of Birds Placed,table_cell,table,numeric,count,houses_birds_placed,houses,7,,birds_placed,,"Derived from the official blank May 28, 2024 responder template; raw field name is immutable."
p00010e,Age of Birds (in weeks),2,B,Flock Information,B3,,Age of Birds (in weeks),table_cell,table,numeric,count,houses_age_weeks,houses,1,,age_weeks,,"Derived from the official blank May 28, 2024 responder template; raw field name is immutable."
p00011e,Age of Birds (in weeks),2,B,Flock Information,B3,,Age of Birds (in weeks),table_cell,table,numeric,count,houses_age_weeks,houses,2,,age_weeks,,"Derived from the official blank May 28, 2024 responder template; raw field name is immutable."
p00012e,Age of Birds (in weeks),2,B,Flock Information,B3,,Age of Birds (in weeks),table_cell,table,numeric,count,houses_age_weeks,houses,3,,age_weeks,,"Derived from the official blank May 28, 2024 responder template; raw field name is immutable."
p00013e,Age of Birds (in weeks),2,B,Flock Information,B3,,Age of Birds (in weeks),table_cell,table,numeric,count,houses_age_weeks,houses,4,,age_weeks,,"Derived from the official blank May 28, 2024 responder template; raw field name is immutable."
p00014e,Age of Birds (in weeks),2,B,Flock Information,B3,,Age of Birds (in weeks),table_cell,table,numeric,count,houses_age_weeks,houses,5,,age_weeks,,"Derived from the official blank May 28, 2024 responder template; raw field name is immutable."
p00015e,Age of Birds (in weeks),2,B,Flock Information,B3,,Age of Birds (in weeks),table_cell,table,numeric,count,houses_age_weeks,houses,6,,age_weeks,,"Derived from the official blank May 28, 2024 responder template; raw field name is immutable."
p00016e,Age of Birds (in weeks),2,B,Flock Information,B3,,Age of Birds (in weeks),table_cell,table,numeric,count,houses_age_weeks,houses,7,,age_weeks,,"Derived from the official blank May 28, 2024 responder template; raw field name is immutable."
p00010f,Ventilation Type,2,B,Flock Information,B3,,Ventilation Type,table_cell,table,character,,houses_ventilation_type,houses,1,,ventilation_type,,"Derived from the official blank May 28, 2024 responder template; raw field name is immutable."
p00011f,Ventilation Type,2,B,Flock Information,B3,,Ventilation Type,table_cell,table,character,,houses_ventilation_type,houses,2,,ventilation_type,,"Derived from the official blank May 28, 2024 responder template; raw field name is immutable."
p00012f,Ventilation Type,2,B,Flock Information,B3,,Ventilation Type,table_cell,table,character,,houses_ventilation_type,houses,3,,ventilation_type,,"Derived from the official blank May 28, 2024 responder template; raw field name is immutable."
p00013f,Ventilation Type,2,B,Flock Information,B3,,Ventilation Type,table_cell,table,character,,houses_ventilation_type,houses,4,,ventilation_type,,"Derived from the official blank May 28, 2024 responder template; raw field name is immutable."
p00014f,Ventilation Type,2,B,Flock Information,B3,,Ventilation Type,table_cell,table,character,,houses_ventilation_type,houses,5,,ventilation_type,,"Derived from the official blank May 28, 2024 responder template; raw field name is immutable."
p00015f,Ventilation Type,2,B,Flock Information,B3,,Ventilation Type,table_cell,table,character,,houses_ventilation_type,houses,6,,ventilation_type,,"Derived from the official blank May 28, 2024 responder template; raw field name is immutable."
p00016f,Ventilation Type,2,B,Flock Information,B3,,Ventilation Type,table_cell,table,character,,houses_ventilation_type,houses,7,,ventilation_type,,"Derived from the official blank May 28, 2024 responder template; raw field name is immutable."
p00010g,Date of Onset of Clinical Signs,2,B,Flock Information,B3,,Date of Onset of Clinical Signs,table_cell,table,date,date,houses_clinical_onset_date,houses,1,,clinical_onset_date,,"Derived from the official blank May 28, 2024 responder template; raw field name is immutable."
p00011g,Date of Onset of Clinical Signs,2,B,Flock Information,B3,,Date of Onset of Clinical Signs,table_cell,table,date,date,houses_clinical_onset_date,houses,2,,clinical_onset_date,,"Derived from the official blank May 28, 2024 responder template; raw field name is immutable."
p00012g,Date of Onset of Clinical Signs,2,B,Flock Information,B3,,Date of Onset of Clinical Signs,table_cell,table,date,date,houses_clinical_onset_date,houses,3,,clinical_onset_date,,"Derived from the official blank May 28, 2024 responder template; raw field name is immutable."
p00013g,Date of Onset of Clinical Signs,2,B,Flock Information,B3,,Date of Onset of Clinical Signs,table_cell,table,date,date,houses_clinical_onset_date,houses,4,,clinical_onset_date,,"Derived from the official blank May 28, 2024 responder template; raw field name is immutable."
p00014g,Date of Onset of Clinical Signs,2,B,Flock Information,B3,,Date of Onset of Clinical Signs,table_cell,table,date,date,houses_clinical_onset_date,houses,5,,clinical_onset_date,,"Derived from the official blank May 28, 2024 responder template; raw field name is immutable."
p00015g,Date of Onset of Clinical Signs,2,B,Flock Information,B3,,Date of Onset of Clinical Signs,table_cell,table,date,date,houses_clinical_onset_date,houses,6,,clinical_onset_date,,"Derived from the official blank May 28, 2024 responder template; raw field name is immutable."
p00016g,Date of Onset of Clinical Signs,2,B,Flock Information,B3,,Date of Onset of Clinical Signs,table_cell,table,date,date,houses_clinical_onset_date,houses,7,,clinical_onset_date,,"Derived from the official blank May 28, 2024 responder template; raw field name is immutable."
p00010h,Location in House Where Clinical Signs Observed,2,B,Flock Information,B3,,Location in House Where Clinical Signs Observed,table_cell,table,character,,houses_clinical_onset_location,houses,1,,clinical_onset_location,,"Derived from the official blank May 28, 2024 responder template; raw field name is immutable."
p00011h,Location in House Where Clinical Signs Observed,2,B,Flock Information,B3,,Location in House Where Clinical Signs Observed,table_cell,table,character,,houses_clinical_onset_location,houses,2,,clinical_onset_location,,"Derived from the official blank May 28, 2024 responder template; raw field name is immutable."
p00012h,Location in House Where Clinical Signs Observed,2,B,Flock Information,B3,,Location in House Where Clinical Signs Observed,table_cell,table,character,,houses_clinical_onset_location,houses,3,,clinical_onset_location,,"Derived from the official blank May 28, 2024 responder template; raw field name is immutable."
p00013h,Location in House Where Clinical Signs Observed,2,B,Flock Information,B3,,Location in House Where Clinical Signs Observed,table_cell,table,character,,houses_clinical_onset_location,houses,4,,clinical_onset_location,,"Derived from the official blank May 28, 2024 responder template; raw field name is immutable."
p00014h,Location in House Where Clinical Signs Observed,2,B,Flock Information,B3,,Location in House Where Clinical Signs Observed,table_cell,table,character,,houses_clinical_onset_location,houses,5,,clinical_onset_location,,"Derived from the official blank May 28, 2024 responder template; raw field name is immutable."
p00015h,Location in House Where Clinical Signs Observed,2,B,Flock Information,B3,,Location in House Where Clinical Signs Observed,table_cell,table,character,,houses_clinical_onset_location,houses,6,,clinical_onset_location,,"Derived from the official blank May 28, 2024 responder template; raw field name is immutable."
p00016h,Location in House Where Clinical Signs Observed,2,B,Flock Information,B3,,Location in House Where Clinical Signs Observed,table_cell,table,character,,houses_clinical_onset_location,houses,7,,clinical_onset_location,,"Derived from the official blank May 28, 2024 responder template; raw field name is immutable."
p00017,Total Eggs Present,2,B,Flock Information,B4,,Total Eggs Present,scalar_response,text,numeric,count,eggs_present,,,,,,"Derived from the official blank May 28, 2024 responder template; raw field name is immutable."
p00018,Eggs Laid in Last Week,2,B,Flock Information,B4,,Eggs Laid in Last Week,scalar_response,text,numeric,count,eggs_laid_last_week,,,,,,"Derived from the official blank May 28, 2024 responder template; raw field name is immutable."
p00020a,Name of Veterinarian,3,C,Trace-in and Trace-out,C1,,Name of Veterinarian,scalar_response,text,character,,veterinarian_name,,,,,,"Derived from the official blank May 28, 2024 responder template; raw field name is immutable."
p00021a,Depopulation Method,3,C,Trace-in and Trace-out,C1,,Depopulation Method,scalar_response,text,character,,depopulation_method_name,,,,,,"Derived from the official blank May 28, 2024 responder template; raw field name is immutable."
p0019,Eggs for Research,3,C,Trace-in and Trace-out,C1,,Eggs for Research,scalar_response,coded,character,,eggs_for_research,,,,,yes_no_1_3,"Derived from the official blank May 28, 2024 responder template; raw field name is immutable."
p0020,Do You Have Veterinarian,3,C,Trace-in and Trace-out,C1,,Do You Have Veterinarian,scalar_response,coded,character,,veterinarian_available,,,,,yes_no_1_3,"Derived from the official blank May 28, 2024 responder template; raw field name is immutable."
p0021,Depopulation Plan,3,C,Trace-in and Trace-out,C1,,Depopulation Plan,scalar_response,coded,character,,depopulation_plan,,,,,yes_no_1_3,"Derived from the official blank May 28, 2024 responder template; raw field name is immutable."
p0022,Excercised or Used This Method,3,C,Trace-in and Trace-out,C1,,Excercised or Used This Method,scalar_response,coded,character,,depopulation_method_used,,,,,yes_no_1_3,"Derived from the official blank May 28, 2024 responder template; raw field name is immutable."
p0100na,Composting NA,3,C,Trace-in and Trace-out,C1,,Composting NA,table_cell,table,character,,mortality_disposal_site_status,mortality_disposal,1,composting,site_status,,"Derived from the official blank May 28, 2024 responder template; raw field name is immutable."
p0100off,Composting Off-site,3,C,Trace-in and Trace-out,C1,,Composting Off-site,table_cell,table,character,,mortality_disposal_site_status,mortality_disposal,1,composting,site_status,,"Derived from the official blank May 28, 2024 responder template; raw field name is immutable."
p0100on,Composting On-site,3,C,Trace-in and Trace-out,C1,,Composting On-site,table_cell,table,character,,mortality_disposal_site_status,mortality_disposal,1,composting,site_status,,"Derived from the official blank May 28, 2024 responder template; raw field name is immutable."
p0100oth,Distance to Nearest Barn,3,C,Trace-in and Trace-out,C1,,Distance to Nearest Barn,table_cell,table,numeric,yards,mortality_disposal_distance_yards,mortality_disposal,1,composting,distance_yards,,"Derived from the official blank May 28, 2024 responder template; raw field name is immutable."
p0100a,Dates Composted,3,C,Trace-in and Trace-out,C1,,Dates Composted,table_cell,table,date_text,date,mortality_disposal_dates,mortality_disposal,1,composting,dates,,"Derived from the official blank May 28, 2024 responder template; raw field name is immutable."
p0100b,Company Name and Location,3,C,Trace-in and Trace-out,C1,,Company Name and Location,table_cell,table,character,,mortality_disposal_offsite_location,mortality_disposal,1,composting,offsite_location,egg_product_status_1_2,"Derived from the official blank May 28, 2024 responder template; raw field name is immutable."
p0100c,Transporter Company Name,3,C,Trace-in and Trace-out,C1,,Transporter Company Name,table_cell,table,character,,mortality_disposal_transporter,mortality_disposal,1,composting,transporter,,"Derived from the official blank May 28, 2024 responder template; raw field name is immutable."
p0101on,Burial On-site,3,C,Trace-in and Trace-out,C1,,Burial On-site,table_cell,table,character,,mortality_disposal_site_status,mortality_disposal,2,burial,site_status,,"Derived from the official blank May 28, 2024 responder template; raw field name is immutable."
p0102on,Incineration On-site,3,C,Trace-in and Trace-out,C1,,Incineration On-site,table_cell,table,character,,mortality_disposal_site_status,mortality_disposal,3,incineration,site_status,,"Derived from the official blank May 28, 2024 responder template; raw field name is immutable."
p0101oth,Distance to Nearest Barn,3,C,Trace-in and Trace-out,C1,,Distance to Nearest Barn,table_cell,table,numeric,yards,mortality_disposal_distance_yards,mortality_disposal,2,burial,distance_yards,,"Derived from the official blank May 28, 2024 responder template; raw field name is immutable."
p0102oth,Distance to Nearest Barn,3,C,Trace-in and Trace-out,C1,,Distance to Nearest Barn,table_cell,table,numeric,yards,mortality_disposal_distance_yards,mortality_disposal,3,incineration,distance_yards,,"Derived from the official blank May 28, 2024 responder template; raw field name is immutable."
p0101off,Burial Off-site,3,C,Trace-in and Trace-out,C1,,Burial Off-site,table_cell,table,character,,mortality_disposal_site_status,mortality_disposal,2,burial,site_status,,"Derived from the official blank May 28, 2024 responder template; raw field name is immutable."
p0101na,Burial NA,3,C,Trace-in and Trace-out,C1,,Burial NA,table_cell,table,character,,mortality_disposal_site_status,mortality_disposal,2,burial,site_status,,"Derived from the official blank May 28, 2024 responder template; raw field name is immutable."
p0101a,Dates Buried,3,C,Trace-in and Trace-out,C1,,Dates Buried,table_cell,table,date_text,date,mortality_disposal_dates,mortality_disposal,2,burial,dates,,"Derived from the official blank May 28, 2024 responder template; raw field name is immutable."
p0101b,Company Name and Location,3,C,Trace-in and Trace-out,C1,,Company Name and Location,table_cell,table,character,,mortality_disposal_offsite_location,mortality_disposal,2,burial,offsite_location,,"Derived from the official blank May 28, 2024 responder template; raw field name is immutable."
p0101c,Transporter Company Name,3,C,Trace-in and Trace-out,C1,,Transporter Company Name,table_cell,table,character,,mortality_disposal_transporter,mortality_disposal,2,burial,transporter,,"Derived from the official blank May 28, 2024 responder template; raw field name is immutable."
p0102off,Incineration Off-site,3,C,Trace-in and Trace-out,C1,,Incineration Off-site,table_cell,table,character,,mortality_disposal_site_status,mortality_disposal,3,incineration,site_status,,"Derived from the official blank May 28, 2024 responder template; raw field name is immutable."
p0102na,Incineration NA,3,C,Trace-in and Trace-out,C1,,Incineration NA,table_cell,table,character,,mortality_disposal_site_status,mortality_disposal,3,incineration,site_status,,"Derived from the official blank May 28, 2024 responder template; raw field name is immutable."
p0103na,Rendering NA,3,C,Trace-in and Trace-out,C1,,Rendering NA,table_cell,table,character,,mortality_disposal_site_status,mortality_disposal,4,rendering,site_status,,"Derived from the official blank May 28, 2024 responder template; raw field name is immutable."
p0104na,Landfill NA,3,C,Trace-in and Trace-out,C1,,Landfill NA,table_cell,table,character,,mortality_disposal_site_status,mortality_disposal,5,landfill,site_status,,"Derived from the official blank May 28, 2024 responder template; raw field name is immutable."
p0103off,Rendering Off-site,3,C,Trace-in and Trace-out,C1,,Rendering Off-site,table_cell,table,character,,mortality_disposal_site_status,mortality_disposal,4,rendering,site_status,,"Derived from the official blank May 28, 2024 responder template; raw field name is immutable."
p0102a,Dates Incinerated,3,C,Trace-in and Trace-out,C1,,Dates Incinerated,table_cell,table,date_text,date,mortality_disposal_dates,mortality_disposal,3,incineration,dates,,"Derived from the official blank May 28, 2024 responder template; raw field name is immutable."
p0102b,Company Name and Location,3,C,Trace-in and Trace-out,C1,,Company Name and Location,table_cell,table,character,,mortality_disposal_offsite_location,mortality_disposal,3,incineration,offsite_location,,"Derived from the official blank May 28, 2024 responder template; raw field name is immutable."
p0102c,Transporter Company Name,3,C,Trace-in and Trace-out,C1,,Transporter Company Name,table_cell,table,character,,mortality_disposal_transporter,mortality_disposal,3,incineration,transporter,,"Derived from the official blank May 28, 2024 responder template; raw field name is immutable."
p0103a,Dates Transported,3,C,Trace-in and Trace-out,C1,,Dates Transported,table_cell,table,date_text,date,mortality_disposal_dates,mortality_disposal,4,rendering,dates,,"Derived from the official blank May 28, 2024 responder template; raw field name is immutable."
p0104a,Dates Transported,3,C,Trace-in and Trace-out,C1,,Dates Transported,table_cell,table,date_text,date,mortality_disposal_dates,mortality_disposal,5,landfill,dates,,"Derived from the official blank May 28, 2024 responder template; raw field name is immutable."
p0103b,Company Name and Location,3,C,Trace-in and Trace-out,C1,,Company Name and Location,table_cell,table,character,,mortality_disposal_offsite_location,mortality_disposal,4,rendering,offsite_location,,"Derived from the official blank May 28, 2024 responder template; raw field name is immutable."
p0103c,Transporter Company Name,3,C,Trace-in and Trace-out,C1,,Transporter Company Name,table_cell,table,character,,mortality_disposal_transporter,mortality_disposal,4,rendering,transporter,,"Derived from the official blank May 28, 2024 responder template; raw field name is immutable."
p0104c,Transporter Company Name,3,C,Trace-in and Trace-out,C1,,Transporter Company Name,table_cell,table,character,,mortality_disposal_transporter,mortality_disposal,5,landfill,transporter,,"Derived from the official blank May 28, 2024 responder template; raw field name is immutable."
p0105,Other,3,C,Trace-in and Trace-out,C1,,Other,table_cell,table,character,,mortality_disposal_other_description,mortality_disposal,6,other,other_description,,"Derived from the official blank May 28, 2024 responder template; raw field name is immutable."
p0106,Carcass Bin,3,C,Trace-in and Trace-out,C1,,Carcass Bin,scalar_response,coded,character,,carcass_bin_available,,,,,yes_no_1_3,"Derived from the official blank May 28, 2024 responder template; raw field name is immutable."
p0106a,Kept Covered,4,C,Trace-in and Trace-out,C1,,Kept Covered,scalar_response,coded,character,,carcass_bin_kept_covered,,,,,yes_no_1_3,"Derived from the official blank May 28, 2024 responder template; raw field name is immutable."
p0104b,Company Name and Location,3,C,Trace-in and Trace-out,C1,,Company Name and Location,table_cell,table,character,,mortality_disposal_offsite_location,mortality_disposal,5,landfill,offsite_location,,"Derived from the official blank May 28, 2024 responder template; raw field name is immutable."
p0106b,Distance to Nearest Barn,4,C,Trace-in and Trace-out,C1,,Distance to Nearest Barn,scalar_response,text,numeric,yards,carcass_bin_distance_yards,,,,,,"Derived from the official blank May 28, 2024 responder template; raw field name is immutable."
p0106c,Bin Shared,4,C,Trace-in and Trace-out,C1,,Bin Shared,scalar_response,coded,character,,carcass_bin_shared,,,,,yes_no_1_3,"Derived from the official blank May 28, 2024 responder template; raw field name is immutable."
p0107,Broken Eggs,4,C,Trace-in and Trace-out,C1,,Broken Eggs,scalar_response,text,character,,broken_eggs_disposal,,,,,,"Derived from the official blank May 28, 2024 responder template; raw field name is immutable."
p0108,Wash Water,4,C,Trace-in and Trace-out,C1,,Wash Water,scalar_response,text,character,,wash_water_disposal,,,,,,"Derived from the official blank May 28, 2024 responder template; raw field name is immutable."
p0109,Company Name and Location,4,C,Trace-in and Trace-out,C1,,Company Name and Location,table_cell,table,character,,manure_destinations_company_name_location,manure_destinations,1,,company_name_location,,"Derived from the official blank May 28, 2024 responder template; raw field name is immutable."
p0110,Company Name and Location,4,C,Trace-in and Trace-out,C2,,Company Name and Location,table_cell,table,character,,manure_destinations_company_name_location,manure_destinations,2,,company_name_location,,"Derived from the official blank May 28, 2024 responder template; raw field name is immutable."
p0111,Company Name and Location,4,C,Trace-in and Trace-out,C2,,Company Name and Location,table_cell,table,character,,manure_destinations_company_name_location,manure_destinations,3,,company_name_location,,"Derived from the official blank May 28, 2024 responder template; raw field name is immutable."
p0109a,Date,4,C,Trace-in and Trace-out,C1,,Date,table_cell,table,date,date,manure_destinations_date,manure_destinations,1,,date,,"Derived from the official blank May 28, 2024 responder template; raw field name is immutable."
p0110a,Date,4,C,Trace-in and Trace-out,C2,,Date,table_cell,table,date,date,manure_destinations_date,manure_destinations,2,,date,,"Derived from the official blank May 28, 2024 responder template; raw field name is immutable."
p0109b,Intended Use,4,C,Trace-in and Trace-out,C1,,Intended Use,table_cell,table,character,,manure_destinations_intended_use,manure_destinations,1,,intended_use,,"Derived from the official blank May 28, 2024 responder template; raw field name is immutable."
p0110b,Intended Use,4,C,Trace-in and Trace-out,C2,,Intended Use,table_cell,table,character,,manure_destinations_intended_use,manure_destinations,2,,intended_use,,"Derived from the official blank May 28, 2024 responder template; raw field name is immutable."
p0111b,Intended Use,4,C,Trace-in and Trace-out,C2,,Intended Use,table_cell,table,character,,manure_destinations_intended_use,manure_destinations,3,,intended_use,,"Derived from the official blank May 28, 2024 responder template; raw field name is immutable."
p0109d,Type,4,C,Trace-in and Trace-out,C1,,Type,table_cell,table,character,,manure_destinations_type,manure_destinations,1,,type,manure_type_1_2_3,"Derived from the official blank May 28, 2024 responder template; raw field name is immutable."
p0110d,Type,4,C,Trace-in and Trace-out,C2,,Type,table_cell,table,character,,manure_destinations_type,manure_destinations,2,,type,manure_type_1_2_3,"Derived from the official blank May 28, 2024 responder template; raw field name is immutable."
p0111d,Type,4,C,Trace-in and Trace-out,C2,,Type,table_cell,table,character,,manure_destinations_type,manure_destinations,3,,type,manure_type_1_2_3,"Derived from the official blank May 28, 2024 responder template; raw field name is immutable."
p0111a,Date,4,C,Trace-in and Trace-out,C2,,Date,table_cell,table,date,date,manure_destinations_date,manure_destinations,3,,date,,"Derived from the official blank May 28, 2024 responder template; raw field name is immutable."
p0113,Wild Birds,4,C,Trace-in and Trace-out,C2,,Wild Birds,scalar_response,coded,character,,wild_birds_on_premises,,,,,yes_no_1_3,"Derived from the official blank May 28, 2024 responder template; raw field name is immutable."
p0114,Wild Animals,4,C,Trace-in and Trace-out,C2,,Wild Animals,scalar_response,coded,character,,wild_animals_on_premises,,,,,yes_no_1_3,"Derived from the official blank May 28, 2024 responder template; raw field name is immutable."
p0115,Manure from Another Premises,4,C,Trace-in and Trace-out,C2,,Manure from Another Premises,scalar_response,coded,character,,manure_from_another_premises,,,,,yes_no_1_3,"Derived from the official blank May 28, 2024 responder template; raw field name is immutable."
p0120,Contract Workers,4,C,Trace-in and Trace-out,C3,,Contract Workers,scalar_response,coded,character,,contract_workers_present,,,,,yes_no_1_3,"Derived from the official blank May 28, 2024 responder template; raw field name is immutable."
p0112,Yards,4,C,Trace-in and Trace-out,C2,,Yards,scalar_response,text,numeric,yards,manure_distance_yards,,,,,,"Derived from the official blank May 28, 2024 responder template; raw field name is immutable."
p0116,Product,4,C,Trace-in and Trace-out,C2,,Product,table_cell,table,character,,imported_materials_product_species_origin,imported_materials,1,,product_species_origin,,"Derived from the official blank May 28, 2024 responder template; raw field name is immutable."
p0117,Product,4,C,Trace-in and Trace-out,C2,,Product,table_cell,table,character,,imported_materials_product_species_origin,imported_materials,2,,product_species_origin,,"Derived from the official blank May 28, 2024 responder template; raw field name is immutable."
p0118,Product,4,C,Trace-in and Trace-out,C2,,Product,table_cell,table,character,,imported_materials_product_species_origin,imported_materials,3,,product_species_origin,,"Derived from the official blank May 28, 2024 responder template; raw field name is immutable."
p0119,Product,4,C,Trace-in and Trace-out,C2,,Product,table_cell,table,character,,imported_materials_product_species_origin,imported_materials,4,,product_species_origin,,"Derived from the official blank May 28, 2024 responder template; raw field name is immutable."
p0116a,Source,4,C,Trace-in and Trace-out,C2,,Source,table_cell,table,character,,imported_materials_source_name_location_phone,imported_materials,1,,source_name_location_phone,,"Derived from the official blank May 28, 2024 responder template; raw field name is immutable."
p0117a,Source,4,C,Trace-in and Trace-out,C2,,Source,table_cell,table,character,,imported_materials_source_name_location_phone,imported_materials,2,,source_name_location_phone,,"Derived from the official blank May 28, 2024 responder template; raw field name is immutable."
p0118a,Source,4,C,Trace-in and Trace-out,C2,,Source,table_cell,table,character,,imported_materials_source_name_location_phone,imported_materials,3,,source_name_location_phone,,"Derived from the official blank May 28, 2024 responder template; raw field name is immutable."
p0119a,Source,4,C,Trace-in and Trace-out,C2,,Source,table_cell,table,character,,imported_materials_source_name_location_phone,imported_materials,4,,source_name_location_phone,,"Derived from the official blank May 28, 2024 responder template; raw field name is immutable."
p0116b,Date,4,C,Trace-in and Trace-out,C2,,Date,table_cell,table,date,date,imported_materials_date,imported_materials,1,,date,,"Derived from the official blank May 28, 2024 responder template; raw field name is immutable."
p0117b,Date,4,C,Trace-in and Trace-out,C2,,Date,table_cell,table,date,date,imported_materials_date,imported_materials,2,,date,,"Derived from the official blank May 28, 2024 responder template; raw field name is immutable."
p0118b,Date,4,C,Trace-in and Trace-out,C2,,Date,table_cell,table,date,date,imported_materials_date,imported_materials,3,,date,,"Derived from the official blank May 28, 2024 responder template; raw field name is immutable."
p0119b,Date,4,C,Trace-in and Trace-out,C2,,Date,table_cell,table,date,date,imported_materials_date,imported_materials,4,,date,,"Derived from the official blank May 28, 2024 responder template; raw field name is immutable."
p0127,Crews Enter Premises,5,C,Trace-in and Trace-out,C3,,Crews Enter Premises,scalar_response,coded,character,,crews_enter_premises,,,,,yes_no_1_3,"Derived from the official blank May 28, 2024 responder template; raw field name is immutable."
p0124,Community Living,5,C,Trace-in and Trace-out,C3,,Community Living,scalar_response,coded,character,,community_living,,,,,yes_no_1_3,"Derived from the official blank May 28, 2024 responder template; raw field name is immutable."
p0122,Visited Other Premises,5,C,Trace-in and Trace-out,C3,,Visited Other Premises,scalar_response,coded,character,,visited_other_premises,,,,,yes_no_1_3,"Derived from the official blank May 28, 2024 responder template; raw field name is immutable."
p0121,Name and Phone Number,5,C,Trace-in and Trace-out,C3,,Name and Phone Number,scalar_response,text,character,,community_contact,,,,,,"Derived from the official blank May 28, 2024 responder template; raw field name is immutable."
p0123,Name,5,C,Trace-in and Trace-out,C3,,Name,table_cell,table,character,,worker_visits_premises_processor,worker_visits,1,,premises_processor,,"Derived from the official blank May 28, 2024 responder template; raw field name is immutable."
p0123a,Person Title,5,C,Trace-in and Trace-out,C3,,Person Title,table_cell,table,character,,worker_visits_person_title,worker_visits,1,,person_title,,"Derived from the official blank May 28, 2024 responder template; raw field name is immutable."
p0123b,Date,5,C,Trace-in and Trace-out,C3,,Date,table_cell,table,date,date,worker_visits_date,worker_visits,1,,date,,"Derived from the official blank May 28, 2024 responder template; raw field name is immutable."
p0104off,Lanfill Off-site,3,C,Trace-in and Trace-out,C1,,Lanfill Off-site,table_cell,table,character,,mortality_disposal_site_status,mortality_disposal,5,landfill,site_status,,"Derived from the official blank May 28, 2024 responder template; raw field name is immutable."
p0125a,Poultry,5,C,Trace-in and Trace-out,C3,,Poultry,table_response,multiselect,character,,community_livestock_poultry,,,,,,"Derived from the official blank May 28, 2024 responder template; raw field name is immutable."
p0123i,Name,5,C,Trace-in and Trace-out,C3,,Name,table_cell,table,character,,worker_visits_premises_processor,worker_visits,4,,premises_processor,,"Derived from the official blank May 28, 2024 responder template; raw field name is immutable."
p0126,Other Facilities,5,C,Trace-in and Trace-out,C3,,Other Facilities,scalar_response,text,character,,other_facilities,,,,,,"Derived from the official blank May 28, 2024 responder template; raw field name is immutable."
p0125b,Cattle Dairy,5,C,Trace-in and Trace-out,C3,,Cattle Dairy,table_response,multiselect,character,,community_livestock_cattle_dairy,,,,,,"Derived from the official blank May 28, 2024 responder template; raw field name is immutable."
p0125c,Cattle Beef,5,C,Trace-in and Trace-out,C3,,Cattle Beef,table_response,multiselect,character,,community_livestock_cattle_beef,,,,,,"Derived from the official blank May 28, 2024 responder template; raw field name is immutable."
p0125d,Swine,5,C,Trace-in and Trace-out,C3,,Swine,table_response,multiselect,character,,community_livestock_swine,,,,,,"Derived from the official blank May 28, 2024 responder template; raw field name is immutable."
p0125e,Goat Dairy,5,C,Trace-in and Trace-out,C3,,Goat Dairy,table_response,multiselect,character,,community_livestock_goat_dairy,,,,,,"Derived from the official blank May 28, 2024 responder template; raw field name is immutable."
p0125f,Goat Meat,5,C,Trace-in and Trace-out,C3,,Goat Meat,table_response,multiselect,character,,community_livestock_goat_meat,,,,,,"Derived from the official blank May 28, 2024 responder template; raw field name is immutable."
p0125g,Sheep,5,C,Trace-in and Trace-out,C3,,Sheep,table_response,multiselect,character,,community_livestock_sheep,,,,,,"Derived from the official blank May 28, 2024 responder template; raw field name is immutable."
p0132a,Poultry,6,C,Trace-in and Trace-out,C4,,Poultry,table_response,multiselect,character,,worker_livestock_poultry,,,,,,"Derived from the official blank May 28, 2024 responder template; raw field name is immutable."
p0132b,Cattle Dairy,6,C,Trace-in and Trace-out,C4,,Cattle Dairy,table_response,multiselect,character,,worker_livestock_cattle_dairy,,,,,,"Derived from the official blank May 28, 2024 responder template; raw field name is immutable."
p0132c,Cattle Beef,6,C,Trace-in and Trace-out,C4,,Cattle Beef,table_response,multiselect,character,,worker_livestock_cattle_beef,,,,,,"Derived from the official blank May 28, 2024 responder template; raw field name is immutable."
p0132d,Swine,6,C,Trace-in and Trace-out,C4,,Swine,table_response,multiselect,character,,worker_livestock_swine,,,,,,"Derived from the official blank May 28, 2024 responder template; raw field name is immutable."
p0132e,Goat Dairy,6,C,Trace-in and Trace-out,C4,,Goat Dairy,table_response,multiselect,character,,worker_livestock_goat_dairy,,,,,,"Derived from the official blank May 28, 2024 responder template; raw field name is immutable."
p0132f,Goat Meat,6,C,Trace-in and Trace-out,C4,,Goat Meat,table_response,multiselect,character,,worker_livestock_goat_meat,,,,,,"Derived from the official blank May 28, 2024 responder template; raw field name is immutable."
p0132g,Sheep,6,C,Trace-in and Trace-out,C4,,Sheep,table_response,multiselect,character,,worker_livestock_sheep,,,,,,"Derived from the official blank May 28, 2024 responder template; raw field name is immutable."
p0123c,Name,5,C,Trace-in and Trace-out,C3,,Name,table_cell,table,character,,worker_visits_premises_processor,worker_visits,2,,premises_processor,,"Derived from the official blank May 28, 2024 responder template; raw field name is immutable."
p0123f,Name,5,C,Trace-in and Trace-out,C3,,Name,table_cell,table,character,,worker_visits_premises_processor,worker_visits,3,,premises_processor,,"Derived from the official blank May 28, 2024 responder template; raw field name is immutable."
p0123d,Person Title,5,C,Trace-in and Trace-out,C3,,Person Title,table_cell,table,character,,worker_visits_person_title,worker_visits,2,,person_title,,"Derived from the official blank May 28, 2024 responder template; raw field name is immutable."
p0123g,Person Title,5,C,Trace-in and Trace-out,C3,,Person Title,table_cell,table,character,,worker_visits_person_title,worker_visits,3,,person_title,,"Derived from the official blank May 28, 2024 responder template; raw field name is immutable."
p0123j,Person Title,5,C,Trace-in and Trace-out,C3,,Person Title,table_cell,table,character,,worker_visits_person_title,worker_visits,4,,person_title,,"Derived from the official blank May 28, 2024 responder template; raw field name is immutable."
p0123e,Date,5,C,Trace-in and Trace-out,C3,,Date,table_cell,table,date,date,worker_visits_date,worker_visits,2,,date,,"Derived from the official blank May 28, 2024 responder template; raw field name is immutable."
p0123h,Date,5,C,Trace-in and Trace-out,C3,,Date,table_cell,table,date,date,worker_visits_date,worker_visits,3,,date,,"Derived from the official blank May 28, 2024 responder template; raw field name is immutable."
p0123k,Date,5,C,Trace-in and Trace-out,C3,,Date,table_cell,table,date,date,worker_visits_date,worker_visits,4,,date,,"Derived from the official blank May 28, 2024 responder template; raw field name is immutable."
p0128,Date,5,C,Trace-in and Trace-out,C3,,Date,table_cell,table,date,date,crews_date,crews,1,,date,,"Derived from the official blank May 28, 2024 responder template; raw field name is immutable."
p0129,Date,5,C,Trace-in and Trace-out,C3,,Date,table_cell,table,date,date,crews_date,crews,2,,date,,"Derived from the official blank May 28, 2024 responder template; raw field name is immutable."
p0130,Date,5,C,Trace-in and Trace-out,C4,,Date,table_cell,table,date,date,crews_date,crews,3,,date,,"Derived from the official blank May 28, 2024 responder template; raw field name is immutable."
p0131a,Crew Type,5,C,Trace-in and Trace-out,C4,,Crew Type,table_cell,table,character,,crews_crew_type,crews,4,,crew_type,,"Derived from the official blank May 28, 2024 responder template; raw field name is immutable."
p0130a,Crew Type,5,C,Trace-in and Trace-out,C4,,Crew Type,table_cell,table,character,,crews_crew_type,crews,3,,crew_type,,"Derived from the official blank May 28, 2024 responder template; raw field name is immutable."
p0129a,Crew Type,5,C,Trace-in and Trace-out,C3,,Crew Type,table_cell,table,character,,crews_crew_type,crews,2,,crew_type,,"Derived from the official blank May 28, 2024 responder template; raw field name is immutable."
p0128a,Crew Type,5,C,Trace-in and Trace-out,C3,,Crew Type,table_cell,table,character,,crews_crew_type,crews,1,,crew_type,,"Derived from the official blank May 28, 2024 responder template; raw field name is immutable."
p0131b,Name/Company/Phone Number,5,C,Trace-in and Trace-out,C4,,Name/Company/Phone Number,table_cell,table,character,,crews_name_company_phone,crews,4,,name_company_phone,,"Derived from the official blank May 28, 2024 responder template; raw field name is immutable."
p0130b,Name/Company/Phone Number,5,C,Trace-in and Trace-out,C4,,Name/Company/Phone Number,table_cell,table,character,,crews_name_company_phone,crews,3,,name_company_phone,,"Derived from the official blank May 28, 2024 responder template; raw field name is immutable."
p0129b,Name/Company/Phone Number,5,C,Trace-in and Trace-out,C3,,Name/Company/Phone Number,table_cell,table,character,,crews_name_company_phone,crews,2,,name_company_phone,,"Derived from the official blank May 28, 2024 responder template; raw field name is immutable."
p0128b,Name/Company/Phone Number,5,C,Trace-in and Trace-out,C3,,Name/Company/Phone Number,table_cell,table,character,,crews_name_company_phone,crews,1,,name_company_phone,,"Derived from the official blank May 28, 2024 responder template; raw field name is immutable."
p0133,Visit Premises,6,C,Trace-in and Trace-out,C4,,Visit Premises,table_cell,table,character,,visitors_visit_premises,visitors,1,federal_or_state_animal_health,visit_premises,yes_no_1_3,"Derived from the official blank May 28, 2024 responder template; raw field name is immutable."
p0131,Date,5,C,Trace-in and Trace-out,C4,,Date,table_cell,table,date,date,crews_date,crews,4,,date,,"Derived from the official blank May 28, 2024 responder template; raw field name is immutable."
p0133a,Date,6,C,Trace-in and Trace-out,C4,,Date(s) of visit,table_cell,table,date_text,date,visitors_visit_dates,visitors,1,federal_or_state_animal_health,visit_dates,,"Derived from the official blank May 28, 2024 responder template; raw field name is immutable."
p0133c,Enter Barn,6,C,Trace-in and Trace-out,C4,,Enter Barn,table_cell,table,character,,visitors_entered_poultry_barn,visitors,1,federal_or_state_animal_health,entered_poultry_barn,yes_no_1_3,"Derived from the official blank May 28, 2024 responder template; raw field name is immutable."
p0133b,Name/Company/Phone Number,6,C,Trace-in and Trace-out,C4,,Name/Company/Phone Number,table_cell,table,character,,visitors_name_company_phone,visitors,1,federal_or_state_animal_health,name_company_phone,,"Derived from the official blank May 28, 2024 responder template; raw field name is immutable."
p0134,Visit Premises,6,C,Trace-in and Trace-out,C4,,Visit Premises,table_cell,table,character,,visitors_visit_premises,visitors,2,veterinarian,visit_premises,yes_no_1_3,"Derived from the official blank May 28, 2024 responder template; raw field name is immutable."
p0134a,Date,6,C,Trace-in and Trace-out,C4,,Date(s) of visit,table_cell,table,date_text,date,visitors_visit_dates,visitors,2,veterinarian,visit_dates,,"Derived from the official blank May 28, 2024 responder template; raw field name is immutable."
p0134b,Name/Company/Phone Number,6,C,Trace-in and Trace-out,C4,,Name/Company/Phone Number,table_cell,table,character,,visitors_name_company_phone,visitors,2,veterinarian,name_company_phone,,"Derived from the official blank May 28, 2024 responder template; raw field name is immutable."
p0134c,Enter Barn,6,C,Trace-in and Trace-out,C4,,Enter Barn,table_cell,table,character,,visitors_entered_poultry_barn,visitors,2,veterinarian,entered_poultry_barn,yes_no_1_3,"Derived from the official blank May 28, 2024 responder template; raw field name is immutable."
p0135,Visit Premises,6,C,Trace-in and Trace-out,C4,,Visit Premises,table_cell,table,character,,visitors_visit_premises,visitors,3,feed_delivery,visit_premises,yes_no_1_3,"Derived from the official blank May 28, 2024 responder template; raw field name is immutable."
p0135a,Date,6,C,Trace-in and Trace-out,C4,,Date(s) of visit,table_cell,table,date_text,date,visitors_visit_dates,visitors,3,feed_delivery,visit_dates,,"Derived from the official blank May 28, 2024 responder template; raw field name is immutable."
p0135b,Name/Company/Phone Number,6,C,Trace-in and Trace-out,C4,,Name/Company/Phone Number,table_cell,table,character,,visitors_name_company_phone,visitors,3,feed_delivery,name_company_phone,,"Derived from the official blank May 28, 2024 responder template; raw field name is immutable."
p0135c,Enter Barn,6,C,Trace-in and Trace-out,C4,,Enter Barn,table_cell,table,character,,visitors_entered_poultry_barn,visitors,3,feed_delivery,entered_poultry_barn,yes_no_1_3,"Derived from the official blank May 28, 2024 responder template; raw field name is immutable."
p0136,Visit Premises,6,C,Trace-in and Trace-out,C4,,Visit Premises,table_cell,table,character,,visitors_visit_premises,visitors,4,egg_truck,visit_premises,yes_no_1_3,"Derived from the official blank May 28, 2024 responder template; raw field name is immutable."
p0136a,Date,6,C,Trace-in and Trace-out,C4,,Date(s) of visit,table_cell,table,date_text,date,visitors_visit_dates,visitors,4,egg_truck,visit_dates,,"Derived from the official blank May 28, 2024 responder template; raw field name is immutable."
p0136b,Name/Company/Phone Number,6,C,Trace-in and Trace-out,C4,,Name/Company/Phone Number,table_cell,table,character,,visitors_name_company_phone,visitors,4,egg_truck,name_company_phone,,"Derived from the official blank May 28, 2024 responder template; raw field name is immutable."
p0136c,Enter Barn,6,C,Trace-in and Trace-out,C4,,Enter Barn,table_cell,table,character,,visitors_entered_poultry_barn,visitors,4,egg_truck,entered_poultry_barn,yes_no_1_3,"Derived from the official blank May 28, 2024 responder template; raw field name is immutable."
p0137,Visit Premises,6,C,Trace-in and Trace-out,C4,,Visit Premises,table_cell,table,character,,visitors_visit_premises,visitors,5,litter_removal,visit_premises,yes_no_1_3,"Derived from the official blank May 28, 2024 responder template; raw field name is immutable."
p0137a,Date,6,C,Trace-in and Trace-out,C4,,Date(s) of visit,table_cell,table,date_text,date,visitors_visit_dates,visitors,5,litter_removal,visit_dates,,"Derived from the official blank May 28, 2024 responder template; raw field name is immutable."
p0137b,Name/Company/Phone Number,6,C,Trace-in and Trace-out,C4,,Name/Company/Phone Number,table_cell,table,character,,visitors_name_company_phone,visitors,5,litter_removal,name_company_phone,,"Derived from the official blank May 28, 2024 responder template; raw field name is immutable."
p0137c,Enter Barn,6,C,Trace-in and Trace-out,C4,,Enter Barn,table_cell,table,character,,visitors_entered_poultry_barn,visitors,5,litter_removal,entered_poultry_barn,yes_no_1_3,"Derived from the official blank May 28, 2024 responder template; raw field name is immutable."
p0138,Visit Premises,6,C,Trace-in and Trace-out,C4,,Visit Premises,table_cell,table,character,,visitors_visit_premises,visitors,6,rendering_pickup,visit_premises,yes_no_1_3,"Derived from the official blank May 28, 2024 responder template; raw field name is immutable."
p0138a,Date,6,C,Trace-in and Trace-out,C4,,Date(s) of visit,table_cell,table,date_text,date,visitors_visit_dates,visitors,6,rendering_pickup,visit_dates,,"Derived from the official blank May 28, 2024 responder template; raw field name is immutable."
p0138b,Name/Company/Phone Number,6,C,Trace-in and Trace-out,C4,,Name/Company/Phone Number,table_cell,table,character,,visitors_name_company_phone,visitors,6,rendering_pickup,name_company_phone,,"Derived from the official blank May 28, 2024 responder template; raw field name is immutable."
p0138c,Enter Barn,6,C,Trace-in and Trace-out,C4,,Enter Barn,table_cell,table,character,,visitors_entered_poultry_barn,visitors,6,rendering_pickup,entered_poultry_barn,yes_no_1_3,"Derived from the official blank May 28, 2024 responder template; raw field name is immutable."
p0139,Visit Premises,6,C,Trace-in and Trace-out,C4,,Visit Premises,table_cell,table,character,,visitors_visit_premises,visitors,7,pest_control,visit_premises,yes_no_1_3,"Derived from the official blank May 28, 2024 responder template; raw field name is immutable."
p0139a,Date,6,C,Trace-in and Trace-out,C4,,Date(s) of visit,table_cell,table,date_text,date,visitors_visit_dates,visitors,7,pest_control,visit_dates,,"Derived from the official blank May 28, 2024 responder template; raw field name is immutable."
p0139b,Name/Company/Phone Number,6,C,Trace-in and Trace-out,C4,,Name/Company/Phone Number,table_cell,table,character,,visitors_name_company_phone,visitors,7,pest_control,name_company_phone,,"Derived from the official blank May 28, 2024 responder template; raw field name is immutable."
p0139c,Enter Barn,6,C,Trace-in and Trace-out,C4,,Enter Barn,table_cell,table,character,,visitors_entered_poultry_barn,visitors,7,pest_control,entered_poultry_barn,yes_no_1_3,"Derived from the official blank May 28, 2024 responder template; raw field name is immutable."
p0140,Visit Premises,6,C,Trace-in and Trace-out,C4,,Visit Premises,table_cell,table,character,,visitors_visit_premises,visitors,8,catching_crew,visit_premises,yes_no_1_3,"Derived from the official blank May 28, 2024 responder template; raw field name is immutable."
p0140a,Date,6,C,Trace-in and Trace-out,C4,,Date(s) of visit,table_cell,table,date_text,date,visitors_visit_dates,visitors,8,catching_crew,visit_dates,,"Derived from the official blank May 28, 2024 responder template; raw field name is immutable."
p0140b,Name/Company/Phone Number,6,C,Trace-in and Trace-out,C4,,Name/Company/Phone Number,table_cell,table,character,,visitors_name_company_phone,visitors,8,catching_crew,name_company_phone,,"Derived from the official blank May 28, 2024 responder template; raw field name is immutable."
p0140c,Enter Barn,6,C,Trace-in and Trace-out,C4,,Enter Barn,table_cell,table,character,,visitors_entered_poultry_barn,visitors,8,catching_crew,entered_poultry_barn,yes_no_1_3,"Derived from the official blank May 28, 2024 responder template; raw field name is immutable."
p0141,Visit Premises,6,C,Trace-in and Trace-out,C4,,Visit Premises,table_cell,table,character,,visitors_visit_premises,visitors,9,live_haul,visit_premises,yes_no_1_3,"Derived from the official blank May 28, 2024 responder template; raw field name is immutable."
p0141a,Date,6,C,Trace-in and Trace-out,C4,,Date(s) of visit,table_cell,table,date_text,date,visitors_visit_dates,visitors,9,live_haul,visit_dates,,"Derived from the official blank May 28, 2024 responder template; raw field name is immutable."
p0141b,Name/Company/Phone Number,6,C,Trace-in and Trace-out,C4,,Name/Company/Phone Number,table_cell,table,character,,visitors_name_company_phone,visitors,9,live_haul,name_company_phone,,"Derived from the official blank May 28, 2024 responder template; raw field name is immutable."
p0141c,Enter Barn,6,C,Trace-in and Trace-out,C4,,Enter Barn,table_cell,table,character,,visitors_entered_poultry_barn,visitors,9,live_haul,entered_poultry_barn,yes_no_1_3,"Derived from the official blank May 28, 2024 responder template; raw field name is immutable."
p0142,Visit Premises,6,C,Trace-in and Trace-out,C4,,Visit Premises,table_cell,table,character,,visitors_visit_premises,visitors,10,maintenance,visit_premises,yes_no_1_3,"Derived from the official blank May 28, 2024 responder template; raw field name is immutable."
p0142a,Date,6,C,Trace-in and Trace-out,C4,,Date(s) of visit,table_cell,table,date_text,date,visitors_visit_dates,visitors,10,maintenance,visit_dates,,"Derived from the official blank May 28, 2024 responder template; raw field name is immutable."
p0142b,Name/Company/Phone Number,6,C,Trace-in and Trace-out,C4,,Name/Company/Phone Number,table_cell,table,character,,visitors_name_company_phone,visitors,10,maintenance,name_company_phone,,"Derived from the official blank May 28, 2024 responder template; raw field name is immutable."
p0142c,Enter Barn,6,C,Trace-in and Trace-out,C4,,Enter Barn,table_cell,table,character,,visitors_entered_poultry_barn,visitors,10,maintenance,entered_poultry_barn,yes_no_1_3,"Derived from the official blank May 28, 2024 responder template; raw field name is immutable."
p0143,Visit Premises,6,C,Trace-in and Trace-out,C4,,Visit Premises,table_cell,table,character,,visitors_visit_premises,visitors,11,utility,visit_premises,yes_no_1_3,"Derived from the official blank May 28, 2024 responder template; raw field name is immutable."
p0143a,Date,6,C,Trace-in and Trace-out,C4,,Date(s) of visit,table_cell,table,date_text,date,visitors_visit_dates,visitors,11,utility,visit_dates,,"Derived from the official blank May 28, 2024 responder template; raw field name is immutable."
p0143b,Name/Company/Phone Number,6,C,Trace-in and Trace-out,C4,,Name/Company/Phone Number,table_cell,table,character,,visitors_name_company_phone,visitors,11,utility,name_company_phone,,"Derived from the official blank May 28, 2024 responder template; raw field name is immutable."
p0143c,Enter Barn,6,C,Trace-in and Trace-out,C4,,Enter Barn,table_cell,table,character,,visitors_entered_poultry_barn,visitors,11,utility,entered_poultry_barn,yes_no_1_3,"Derived from the official blank May 28, 2024 responder template; raw field name is immutable."
p0144,Visit Premises,6,C,Trace-in and Trace-out,C4,,Visit Premises,table_cell,table,character,,visitors_visit_premises,visitors,12,vaccination_crew,visit_premises,yes_no_1_3,"Derived from the official blank May 28, 2024 responder template; raw field name is immutable."
p0144a,Date,6,C,Trace-in and Trace-out,C4,,Date(s) of visit,table_cell,table,date_text,date,visitors_visit_dates,visitors,12,vaccination_crew,visit_dates,,"Derived from the official blank May 28, 2024 responder template; raw field name is immutable."
p0144b,Name/Company/Phone Number,6,C,Trace-in and Trace-out,C4,,Name/Company/Phone Number,table_cell,table,character,,visitors_name_company_phone,visitors,12,vaccination_crew,name_company_phone,,"Derived from the official blank May 28, 2024 responder template; raw field name is immutable."
p0144c,Enter Barn,6,C,Trace-in and Trace-out,C4,,Enter Barn,table_cell,table,character,,visitors_entered_poultry_barn,visitors,12,vaccination_crew,entered_poultry_barn,yes_no_1_3,"Derived from the official blank May 28, 2024 responder template; raw field name is immutable."
p0145,Visit Premises,7,C,Trace-in and Trace-out,C4,,Visit Premises,table_cell,table,character,,visitors_visit_premises,visitors,13,dead_bird_pickup,visit_premises,yes_no_1_3,"Derived from the official blank May 28, 2024 responder template; raw field name is immutable."
p0145a,Date,7,C,Trace-in and Trace-out,C4,,Date(s) of visit,table_cell,table,date_text,date,visitors_visit_dates,visitors,13,dead_bird_pickup,visit_dates,,"Derived from the official blank May 28, 2024 responder template; raw field name is immutable."
p0145b,Name/Company/Phone Number,7,C,Trace-in and Trace-out,C4,,Name/Company/Phone Number,table_cell,table,character,,visitors_name_company_phone,visitors,13,dead_bird_pickup,name_company_phone,,"Derived from the official blank May 28, 2024 responder template; raw field name is immutable."
p0145c,Enter Barn,7,C,Trace-in and Trace-out,C4,,Enter Barn,table_cell,table,character,,visitors_entered_poultry_barn,visitors,13,dead_bird_pickup,entered_poultry_barn,yes_no_1_3,"Derived from the official blank May 28, 2024 responder template; raw field name is immutable."
p0146,Visit Premises,7,C,Trace-in and Trace-out,C4,,Visit Premises,table_cell,table,character,,visitors_visit_premises,visitors,14,service_provider,visit_premises,yes_no_1_3,"Derived from the official blank May 28, 2024 responder template; raw field name is immutable."
p0146a,Date,7,C,Trace-in and Trace-out,C4,,Date(s) of visit,table_cell,table,date_text,date,visitors_visit_dates,visitors,14,service_provider,visit_dates,,"Derived from the official blank May 28, 2024 responder template; raw field name is immutable."
p0146b,Name/Company/Phone Number,7,C,Trace-in and Trace-out,C4,,Name/Company/Phone Number,table_cell,table,character,,visitors_name_company_phone,visitors,14,service_provider,name_company_phone,,"Derived from the official blank May 28, 2024 responder template; raw field name is immutable."
p0146c,Enter Barn,7,C,Trace-in and Trace-out,C4,,Enter Barn,table_cell,table,character,,visitors_entered_poultry_barn,visitors,14,service_provider,entered_poultry_barn,yes_no_1_3,"Derived from the official blank May 28, 2024 responder template; raw field name is immutable."
p0147,Visit Premises,7,C,Trace-in and Trace-out,C4,,Visit Premises,table_cell,table,character,,visitors_visit_premises,visitors,15,other_livestock_contact,visit_premises,yes_no_1_3,"Derived from the official blank May 28, 2024 responder template; raw field name is immutable."
p0147a,Date,7,C,Trace-in and Trace-out,C4,,Date(s) of visit,table_cell,table,date_text,date,visitors_visit_dates,visitors,15,other_livestock_contact,visit_dates,,"Derived from the official blank May 28, 2024 responder template; raw field name is immutable."
p0147b,Name/Company/Phone Number,7,C,Trace-in and Trace-out,C4,,Name/Company/Phone Number,table_cell,table,character,,visitors_name_company_phone,visitors,15,other_livestock_contact,name_company_phone,,"Derived from the official blank May 28, 2024 responder template; raw field name is immutable."
p0147c,Enter Barn,7,C,Trace-in and Trace-out,C4,,Enter Barn,table_cell,table,character,,visitors_entered_poultry_barn,visitors,15,other_livestock_contact,entered_poultry_barn,yes_no_1_3,"Derived from the official blank May 28, 2024 responder template; raw field name is immutable."
p0148,Visit Premises,7,C,Trace-in and Trace-out,C4,,Visit Premises,table_cell,table,character,,visitors_visit_premises,visitors,16,community_contact,visit_premises,yes_no_1_3,"Derived from the official blank May 28, 2024 responder template; raw field name is immutable."
p0148a,Date,7,C,Trace-in and Trace-out,C4,,Date(s) of visit,table_cell,table,date_text,date,visitors_visit_dates,visitors,16,community_contact,visit_dates,,"Derived from the official blank May 28, 2024 responder template; raw field name is immutable."
p0148b,Name/Company/Phone Number,7,C,Trace-in and Trace-out,C4,,Name/Company/Phone Number,table_cell,table,character,,visitors_name_company_phone,visitors,16,community_contact,name_company_phone,,"Derived from the official blank May 28, 2024 responder template; raw field name is immutable."
p0148c,Enter Barn,7,C,Trace-in and Trace-out,C4,,Enter Barn,table_cell,table,character,,visitors_entered_poultry_barn,visitors,16,community_contact,entered_poultry_barn,yes_no_1_3,"Derived from the official blank May 28, 2024 responder template; raw field name is immutable."
p0149,Visit Premises,7,C,Trace-in and Trace-out,C4,,Visit Premises,table_cell,table,character,,visitors_visit_premises,visitors,17,processor,visit_premises,yes_no_1_3,"Derived from the official blank May 28, 2024 responder template; raw field name is immutable."
p0149a,Date,7,C,Trace-in and Trace-out,C4,,Date(s) of visit,table_cell,table,date_text,date,visitors_visit_dates,visitors,17,processor,visit_dates,,"Derived from the official blank May 28, 2024 responder template; raw field name is immutable."
p0149b,Name/Company/Phone Number,7,C,Trace-in and Trace-out,C4,,Name/Company/Phone Number,table_cell,table,character,,visitors_name_company_phone,visitors,17,processor,name_company_phone,,"Derived from the official blank May 28, 2024 responder template; raw field name is immutable."
p0149c,Enter Barn,7,C,Trace-in and Trace-out,C4,,Enter Barn,table_cell,table,character,,visitors_entered_poultry_barn,visitors,17,processor,entered_poultry_barn,yes_no_1_3,"Derived from the official blank May 28, 2024 responder template; raw field name is immutable."
p0150,Visit Premises,7,C,Trace-in and Trace-out,C4,,Visit Premises,table_cell,table,character,,visitors_visit_premises,visitors,18,other,visit_premises,yes_no_1_3,"Derived from the official blank May 28, 2024 responder template; raw field name is immutable."
p0150c,Enter Barn,7,C,Trace-in and Trace-out,C4,,Enter Barn,table_cell,table,character,,visitors_entered_poultry_barn,visitors,18,other,entered_poultry_barn,yes_no_1_3,"Derived from the official blank May 28, 2024 responder template; raw field name is immutable."
p0150a,Date,7,C,Trace-in and Trace-out,C4,,Date(s) of visit,table_cell,table,date_text,date,visitors_visit_dates,visitors,18,other,visit_dates,,"Derived from the official blank May 28, 2024 responder template; raw field name is immutable."
p0150b,Name/Company/Phone Number,7,C,Trace-in and Trace-out,C4,,Name/Company/Phone Number,table_cell,table,character,,visitors_name_company_phone,visitors,18,other,name_company_phone,,"Derived from the official blank May 28, 2024 responder template; raw field name is immutable."
p0151a,Received or Loaned,7,C,Trace-in and Trace-out,C4,,Received or Loaned,table_cell,table,character,,shared_equipment_received_or_loaned,shared_equipment,1,atv_four_wheeler,received_or_loaned,received_loaned_1_3,"Derived from the official blank May 28, 2024 responder template; raw field name is immutable."
p0151b,Name/Company/Phone Number,7,C,Trace-in and Trace-out,C4,,Name/Company/Phone Number,table_cell,table,character,,shared_equipment_name_company_phone,shared_equipment,1,atv_four_wheeler,name_company_phone,,"Derived from the official blank May 28, 2024 responder template; raw field name is immutable."
p0151c,Date,7,C,Trace-in and Trace-out,C4,,Date,table_cell,table,date,date,shared_equipment_date_last_on_site,shared_equipment,1,atv_four_wheeler,date_last_on_site,,"Derived from the official blank May 28, 2024 responder template; raw field name is immutable."
p0152a,Received or Loaned,7,C,Trace-in and Trace-out,C4,,Received or Loaned,table_cell,table,character,,shared_equipment_received_or_loaned,shared_equipment,2,tractor,received_or_loaned,received_loaned_1_3,"Derived from the official blank May 28, 2024 responder template; raw field name is immutable."
p0152b,Name/Company/Phone Number,7,C,Trace-in and Trace-out,C4,,Name/Company/Phone Number,table_cell,table,character,,shared_equipment_name_company_phone,shared_equipment,2,tractor,name_company_phone,,"Derived from the official blank May 28, 2024 responder template; raw field name is immutable."
p0152c,Date,7,C,Trace-in and Trace-out,C4,,Date,table_cell,table,date,date,shared_equipment_date_last_on_site,shared_equipment,2,tractor,date_last_on_site,,"Derived from the official blank May 28, 2024 responder template; raw field name is immutable."
p0153a,Received or Loaned,7,C,Trace-in and Trace-out,C4,,Received or Loaned,table_cell,table,character,,shared_equipment_received_or_loaned,shared_equipment,3,gates_panels,received_or_loaned,received_loaned_1_3,"Derived from the official blank May 28, 2024 responder template; raw field name is immutable."
p0153b,Name/Company/Phone Number,7,C,Trace-in and Trace-out,C4,,Name/Company/Phone Number,table_cell,table,character,,shared_equipment_name_company_phone,shared_equipment,3,gates_panels,name_company_phone,,"Derived from the official blank May 28, 2024 responder template; raw field name is immutable."
p0153c,Date,7,C,Trace-in and Trace-out,C4,,Date,table_cell,table,date,date,shared_equipment_date_last_on_site,shared_equipment,3,gates_panels,date_last_on_site,,"Derived from the official blank May 28, 2024 responder template; raw field name is immutable."
p0154a,Received or Loaned,7,C,Trace-in and Trace-out,C4,,Received or Loaned,table_cell,table,character,,shared_equipment_received_or_loaned,shared_equipment,4,loaders,received_or_loaned,received_loaned_1_3,"Derived from the official blank May 28, 2024 responder template; raw field name is immutable."
p0154b,Name/Company/Phone Number,7,C,Trace-in and Trace-out,C4,,Name/Company/Phone Number,table_cell,table,character,,shared_equipment_name_company_phone,shared_equipment,4,loaders,name_company_phone,,"Derived from the official blank May 28, 2024 responder template; raw field name is immutable."
p0154c,Date,7,C,Trace-in and Trace-out,C4,,Date,table_cell,table,date,date,shared_equipment_date_last_on_site,shared_equipment,4,loaders,date_last_on_site,,"Derived from the official blank May 28, 2024 responder template; raw field name is immutable."
p0155a,Received or Loaned,7,C,Trace-in and Trace-out,C4,,Received or Loaned,table_cell,table,character,,shared_equipment_received_or_loaned,shared_equipment,5,egg_equipment,received_or_loaned,received_loaned_1_3,"Derived from the official blank May 28, 2024 responder template; raw field name is immutable."
p0155b,Name/Company/Phone Number,7,C,Trace-in and Trace-out,C4,,Name/Company/Phone Number,table_cell,table,character,,shared_equipment_name_company_phone,shared_equipment,5,egg_equipment,name_company_phone,,"Derived from the official blank May 28, 2024 responder template; raw field name is immutable."
p0155c,Date,7,C,Trace-in and Trace-out,C4,,Date,table_cell,table,date,date,shared_equipment_date_last_on_site,shared_equipment,5,egg_equipment,date_last_on_site,,"Derived from the official blank May 28, 2024 responder template; raw field name is immutable."
p0156a,Received or Loaned,7,C,Trace-in and Trace-out,C4,,Received or Loaned,table_cell,table,character,,shared_equipment_received_or_loaned,shared_equipment,6,pallets,received_or_loaned,received_loaned_1_3,"Derived from the official blank May 28, 2024 responder template; raw field name is immutable."
p0156b,Name/Company/Phone Number,7,C,Trace-in and Trace-out,C4,,Name/Company/Phone Number,table_cell,table,character,,shared_equipment_name_company_phone,shared_equipment,6,pallets,name_company_phone,,"Derived from the official blank May 28, 2024 responder template; raw field name is immutable."
p0156c,Date,7,C,Trace-in and Trace-out,C4,,Date,table_cell,table,date,date,shared_equipment_date_last_on_site,shared_equipment,6,pallets,date_last_on_site,,"Derived from the official blank May 28, 2024 responder template; raw field name is immutable."
p0157a,Received or Loaned,7,C,Trace-in and Trace-out,C4,,Received or Loaned,table_cell,table,character,,shared_equipment_received_or_loaned,shared_equipment,7,dead_bird_containers,received_or_loaned,received_loaned_1_3,"Derived from the official blank May 28, 2024 responder template; raw field name is immutable."
p0157b,Name/Company/Phone Number,7,C,Trace-in and Trace-out,C4,,Name/Company/Phone Number,table_cell,table,character,,shared_equipment_name_company_phone,shared_equipment,7,dead_bird_containers,name_company_phone,,"Derived from the official blank May 28, 2024 responder template; raw field name is immutable."
p0157c,Date,7,C,Trace-in and Trace-out,C4,,Date,table_cell,table,date,date,shared_equipment_date_last_on_site,shared_equipment,7,dead_bird_containers,date_last_on_site,,"Derived from the official blank May 28, 2024 responder template; raw field name is immutable."
p0158a,Received or Loaned,7,C,Trace-in and Trace-out,C4,,Received or Loaned,table_cell,table,character,,shared_equipment_received_or_loaned,shared_equipment,8,manure_litter_equipment,received_or_loaned,received_loaned_1_3,"Derived from the official blank May 28, 2024 responder template; raw field name is immutable."
p0158b,Name/Company/Phone Number,7,C,Trace-in and Trace-out,C4,,Name/Company/Phone Number,table_cell,table,character,,shared_equipment_name_company_phone,shared_equipment,8,manure_litter_equipment,name_company_phone,,"Derived from the official blank May 28, 2024 responder template; raw field name is immutable."
p0158c,Date,7,C,Trace-in and Trace-out,C4,,Date,table_cell,table,date,date,shared_equipment_date_last_on_site,shared_equipment,8,manure_litter_equipment,date_last_on_site,,"Derived from the official blank May 28, 2024 responder template; raw field name is immutable."
p0159a,Received or Loaned,7,C,Trace-in and Trace-out,C4,,Received or Loaned,table_cell,table,character,,shared_equipment_received_or_loaned,shared_equipment,9,cleaning_equipment,received_or_loaned,received_loaned_1_3,"Derived from the official blank May 28, 2024 responder template; raw field name is immutable."
p0159b,Name/Company/Phone Number,7,C,Trace-in and Trace-out,C4,,Name/Company/Phone Number,table_cell,table,character,,shared_equipment_name_company_phone,shared_equipment,9,cleaning_equipment,name_company_phone,,"Derived from the official blank May 28, 2024 responder template; raw field name is immutable."
p0159c,Date,7,C,Trace-in and Trace-out,C4,,Date,table_cell,table,date,date,shared_equipment_date_last_on_site,shared_equipment,9,cleaning_equipment,date_last_on_site,,"Derived from the official blank May 28, 2024 responder template; raw field name is immutable."
p0160a,Received or Loaned,8,C,Trace-in and Trace-out,C5,,Received or Loaned,table_cell,table,character,,shared_equipment_received_or_loaned,shared_equipment,10,vaccination_equipment,received_or_loaned,received_loaned_1_3,"Derived from the official blank May 28, 2024 responder template; raw field name is immutable."
p0160b,Name/Company/Phone Number,8,C,Trace-in and Trace-out,C5,,Name/Company/Phone Number,table_cell,table,character,,shared_equipment_name_company_phone,shared_equipment,10,vaccination_equipment,name_company_phone,,"Derived from the official blank May 28, 2024 responder template; raw field name is immutable."
p0160c,Date,8,C,Trace-in and Trace-out,C5,,Date,table_cell,table,date,date,shared_equipment_date_last_on_site,shared_equipment,10,vaccination_equipment,date_last_on_site,,"Derived from the official blank May 28, 2024 responder template; raw field name is immutable."
p0161a,Received or Loaned,8,C,Trace-in and Trace-out,C5,,Received or Loaned,table_cell,table,character,,shared_equipment_received_or_loaned,shared_equipment,11,catching_equipment,received_or_loaned,received_loaned_1_3,"Derived from the official blank May 28, 2024 responder template; raw field name is immutable."
p0161b,Name/Company/Phone Number,8,C,Trace-in and Trace-out,C5,,Name/Company/Phone Number,table_cell,table,character,,shared_equipment_name_company_phone,shared_equipment,11,catching_equipment,name_company_phone,,"Derived from the official blank May 28, 2024 responder template; raw field name is immutable."
p0161c,Date,8,C,Trace-in and Trace-out,C5,,Date,table_cell,table,date,date,shared_equipment_date_last_on_site,shared_equipment,11,catching_equipment,date_last_on_site,,"Derived from the official blank May 28, 2024 responder template; raw field name is immutable."
p0162a,Received or Loaned,8,C,Trace-in and Trace-out,C5,,Received or Loaned,table_cell,table,character,,shared_equipment_received_or_loaned,shared_equipment,12,live_haul_equipment,received_or_loaned,received_loaned_1_3,"Derived from the official blank May 28, 2024 responder template; raw field name is immutable."
p0162b,Name/Company/Phone Number,8,C,Trace-in and Trace-out,C5,,Name/Company/Phone Number,table_cell,table,character,,shared_equipment_name_company_phone,shared_equipment,12,live_haul_equipment,name_company_phone,,"Derived from the official blank May 28, 2024 responder template; raw field name is immutable."
p0162c,Date,8,C,Trace-in and Trace-out,C5,,Date,table_cell,table,date,date,shared_equipment_date_last_on_site,shared_equipment,12,live_haul_equipment,date_last_on_site,,"Derived from the official blank May 28, 2024 responder template; raw field name is immutable."
p0163a,Received or Loaned,8,C,Trace-in and Trace-out,C5,,Received or Loaned,table_cell,table,character,,shared_equipment_received_or_loaned,shared_equipment,13,feed_equipment,received_or_loaned,received_loaned_1_3,"Derived from the official blank May 28, 2024 responder template; raw field name is immutable."
p0163b,Name/Company/Phone Number,8,C,Trace-in and Trace-out,C5,,Name/Company/Phone Number,table_cell,table,character,,shared_equipment_name_company_phone,shared_equipment,13,feed_equipment,name_company_phone,,"Derived from the official blank May 28, 2024 responder template; raw field name is immutable."
p0163c,Date,8,C,Trace-in and Trace-out,C5,,Date,table_cell,table,date,date,shared_equipment_date_last_on_site,shared_equipment,13,feed_equipment,date_last_on_site,,"Derived from the official blank May 28, 2024 responder template; raw field name is immutable."
p0164a,Received or Loaned,8,C,Trace-in and Trace-out,C5,,Received or Loaned,table_cell,table,character,,shared_equipment_received_or_loaned,shared_equipment,14,transport_equipment,received_or_loaned,received_loaned_1_3,"Derived from the official blank May 28, 2024 responder template; raw field name is immutable."
p0164b,Name/Company/Phone Number,8,C,Trace-in and Trace-out,C5,,Name/Company/Phone Number,table_cell,table,character,,shared_equipment_name_company_phone,shared_equipment,14,transport_equipment,name_company_phone,,"Derived from the official blank May 28, 2024 responder template; raw field name is immutable."
p0164c,Date,8,C,Trace-in and Trace-out,C5,,Date,table_cell,table,date,date,shared_equipment_date_last_on_site,shared_equipment,14,transport_equipment,date_last_on_site,,"Derived from the official blank May 28, 2024 responder template; raw field name is immutable."
p0165a,Received or Loaned,8,C,Trace-in and Trace-out,C5,,Received or Loaned,table_cell,table,character,,shared_equipment_received_or_loaned,shared_equipment,15,other,received_or_loaned,received_loaned_1_3,"Derived from the official blank May 28, 2024 responder template; raw field name is immutable."
p0165c,Date,8,C,Trace-in and Trace-out,C5,,Date,table_cell,table,date,date,shared_equipment_date_last_on_site,shared_equipment,15,other,date_last_on_site,,"Derived from the official blank May 28, 2024 responder template; raw field name is immutable."
p0150oth,Other,7,C,Trace-in and Trace-out,C4,,Other,other_specify,text,character,,visitor_other_type,,,,,,"Derived from the official blank May 28, 2024 responder template; raw field name is immutable."
p0165oth,Other,8,C,Trace-in and Trace-out,C5,,Other,other_specify,text,character,,shared_equipment_other_type,,,,,,"Derived from the official blank May 28, 2024 responder template; raw field name is immutable."
p0166,Birds Introduced,8,C,Trace-in and Trace-out,C5,,Birds Introduced,scalar_response,coded,character,,birds_introduced,,,,,yes_no_1_3,"Derived from the official blank May 28, 2024 responder template; raw field name is immutable."
p0172,Birds Moved,8,C,Trace-in and Trace-out,C5,,Birds Moved,scalar_response,coded,character,,birds_moved_off_premises,,,,,yes_no_1_3,"Derived from the official blank May 28, 2024 responder template; raw field name is immutable."
p0165b,Name/Company/Phone Number,8,C,Trace-in and Trace-out,C5,,Name/Company/Phone Number,table_cell,table,character,,shared_equipment_name_company_phone,shared_equipment,15,other,name_company_phone,,"Derived from the official blank May 28, 2024 responder template; raw field name is immutable."
p0167a,Bird Type,8,C,Trace-in and Trace-out,C5,,Bird Type,table_cell,table,character,,bird_movements_bird_type,bird_movements,1,onto,bird_type,,"Derived from the official blank May 28, 2024 responder template; raw field name is immutable."
p0167,Date,8,C,Trace-in and Trace-out,C5,,Date,table_cell,table,date,date,bird_movements_date,bird_movements,1,onto,date,,"Derived from the official blank May 28, 2024 responder template; raw field name is immutable."
p0167b,Source,8,C,Trace-in and Trace-out,C5,,Source,table_cell,table,character,,bird_movements_source_name_location_phone,bird_movements,1,onto,source_name_location_phone,,"Derived from the official blank May 28, 2024 responder template; raw field name is immutable."
p0167c,Transported By,8,C,Trace-in and Trace-out,C5,,Transported By,table_cell,table,character,,bird_movements_transporter_name_phone,bird_movements,1,onto,transporter_name_phone,,"Derived from the official blank May 28, 2024 responder template; raw field name is immutable."
p0168,Date,8,C,Trace-in and Trace-out,C5,,Date,table_cell,table,date,date,bird_movements_date,bird_movements,2,onto,date,,"Derived from the official blank May 28, 2024 responder template; raw field name is immutable."
p0168a,Bird Type,8,C,Trace-in and Trace-out,C5,,Bird Type,table_cell,table,character,,bird_movements_bird_type,bird_movements,2,onto,bird_type,,"Derived from the official blank May 28, 2024 responder template; raw field name is immutable."
p0168b,Source,8,C,Trace-in and Trace-out,C5,,Source,table_cell,table,character,,bird_movements_source_name_location_phone,bird_movements,2,onto,source_name_location_phone,,"Derived from the official blank May 28, 2024 responder template; raw field name is immutable."
p0168c,Transported By,8,C,Trace-in and Trace-out,C5,,Transported By,table_cell,table,character,,bird_movements_transporter_name_phone,bird_movements,2,onto,transporter_name_phone,,"Derived from the official blank May 28, 2024 responder template; raw field name is immutable."
p0169,Date,8,C,Trace-in and Trace-out,C5,,Date,table_cell,table,date,date,bird_movements_date,bird_movements,3,onto,date,,"Derived from the official blank May 28, 2024 responder template; raw field name is immutable."
p0169a,Bird Type,8,C,Trace-in and Trace-out,C5,,Bird Type,table_cell,table,character,,bird_movements_bird_type,bird_movements,3,onto,bird_type,,"Derived from the official blank May 28, 2024 responder template; raw field name is immutable."
p0169b,Source,8,C,Trace-in and Trace-out,C5,,Source,table_cell,table,character,,bird_movements_source_name_location_phone,bird_movements,3,onto,source_name_location_phone,,"Derived from the official blank May 28, 2024 responder template; raw field name is immutable."
p0169c,Transported By,8,C,Trace-in and Trace-out,C5,,Transported By,table_cell,table,character,,bird_movements_transporter_name_phone,bird_movements,3,onto,transporter_name_phone,,"Derived from the official blank May 28, 2024 responder template; raw field name is immutable."
p0170,Date,8,C,Trace-in and Trace-out,C5,,Date,table_cell,table,date,date,bird_movements_date,bird_movements,4,onto,date,,"Derived from the official blank May 28, 2024 responder template; raw field name is immutable."
p0170a,Bird Type,8,C,Trace-in and Trace-out,C5,,Bird Type,table_cell,table,character,,bird_movements_bird_type,bird_movements,4,onto,bird_type,,"Derived from the official blank May 28, 2024 responder template; raw field name is immutable."
p0170b,Source,8,C,Trace-in and Trace-out,C5,,Source,table_cell,table,character,,bird_movements_source_name_location_phone,bird_movements,4,onto,source_name_location_phone,,"Derived from the official blank May 28, 2024 responder template; raw field name is immutable."
p0170c,Transported By,8,C,Trace-in and Trace-out,C5,,Transported By,table_cell,table,character,,bird_movements_transporter_name_phone,bird_movements,4,onto,transporter_name_phone,,"Derived from the official blank May 28, 2024 responder template; raw field name is immutable."
p0171,Date,8,C,Trace-in and Trace-out,C5,,Date,table_cell,table,date,date,bird_movements_date,bird_movements,5,onto,date,,"Derived from the official blank May 28, 2024 responder template; raw field name is immutable."
p0171a,Bird Type,8,C,Trace-in and Trace-out,C5,,Bird Type,table_cell,table,character,,bird_movements_bird_type,bird_movements,5,onto,bird_type,,"Derived from the official blank May 28, 2024 responder template; raw field name is immutable."
p0171b,Source,8,C,Trace-in and Trace-out,C5,,Source,table_cell,table,character,,bird_movements_source_name_location_phone,bird_movements,5,onto,source_name_location_phone,,"Derived from the official blank May 28, 2024 responder template; raw field name is immutable."
p0171c,Transported By,8,C,Trace-in and Trace-out,C5,,Transported By,table_cell,table,character,,bird_movements_transporter_name_phone,bird_movements,5,onto,transporter_name_phone,,"Derived from the official blank May 28, 2024 responder template; raw field name is immutable."
p0173,Date,8,C,Trace-in and Trace-out,C5,,Date,table_cell,table,date,date,bird_movements_date,bird_movements,1,off,date,,"Derived from the official blank May 28, 2024 responder template; raw field name is immutable."
p0173a,Bird Type,8,C,Trace-in and Trace-out,C5,,Bird Type,table_cell,table,character,,bird_movements_bird_type,bird_movements,1,off,bird_type,,"Derived from the official blank May 28, 2024 responder template; raw field name is immutable."
p0173b,Destination,8,C,Trace-in and Trace-out,C5,,Destination,table_cell,table,character,,bird_movements_destination_name_location_phone,bird_movements,1,off,destination_name_location_phone,,"Derived from the official blank May 28, 2024 responder template; raw field name is immutable."
p0173c,Transported By,8,C,Trace-in and Trace-out,C5,,Transported By,table_cell,table,character,,bird_movements_transporter_name_phone,bird_movements,1,off,transporter_name_phone,,"Derived from the official blank May 28, 2024 responder template; raw field name is immutable."
p0174,Date,8,C,Trace-in and Trace-out,C5,,Date,table_cell,table,date,date,bird_movements_date,bird_movements,2,off,date,,"Derived from the official blank May 28, 2024 responder template; raw field name is immutable."
p0174a,Bird Type,8,C,Trace-in and Trace-out,C5,,Bird Type,table_cell,table,character,,bird_movements_bird_type,bird_movements,2,off,bird_type,,"Derived from the official blank May 28, 2024 responder template; raw field name is immutable."
p0174b,Destination,8,C,Trace-in and Trace-out,C5,,Destination,table_cell,table,character,,bird_movements_destination_name_location_phone,bird_movements,2,off,destination_name_location_phone,,"Derived from the official blank May 28, 2024 responder template; raw field name is immutable."
p0174c,Transported By,8,C,Trace-in and Trace-out,C5,,Transported By,table_cell,table,character,,bird_movements_transporter_name_phone,bird_movements,2,off,transporter_name_phone,,"Derived from the official blank May 28, 2024 responder template; raw field name is immutable."
p0175,Date,8,C,Trace-in and Trace-out,C5,,Date,table_cell,table,date,date,bird_movements_date,bird_movements,3,off,date,,"Derived from the official blank May 28, 2024 responder template; raw field name is immutable."
p0175a,Bird Type,8,C,Trace-in and Trace-out,C5,,Bird Type,table_cell,table,character,,bird_movements_bird_type,bird_movements,3,off,bird_type,,"Derived from the official blank May 28, 2024 responder template; raw field name is immutable."
p0175b,Destination,8,C,Trace-in and Trace-out,C5,,Destination,table_cell,table,character,,bird_movements_destination_name_location_phone,bird_movements,3,off,destination_name_location_phone,,"Derived from the official blank May 28, 2024 responder template; raw field name is immutable."
p0175c,Transported By,8,C,Trace-in and Trace-out,C5,,Transported By,table_cell,table,character,,bird_movements_transporter_name_phone,bird_movements,3,off,transporter_name_phone,,"Derived from the official blank May 28, 2024 responder template; raw field name is immutable."
p0176,Date,8,C,Trace-in and Trace-out,C5,,Date,table_cell,table,date,date,bird_movements_date,bird_movements,4,off,date,,"Derived from the official blank May 28, 2024 responder template; raw field name is immutable."
p0176a,Bird Type,8,C,Trace-in and Trace-out,C5,,Bird Type,table_cell,table,character,,bird_movements_bird_type,bird_movements,4,off,bird_type,,"Derived from the official blank May 28, 2024 responder template; raw field name is immutable."
p0176b,Destination,8,C,Trace-in and Trace-out,C5,,Destination,table_cell,table,character,,bird_movements_destination_name_location_phone,bird_movements,4,off,destination_name_location_phone,,"Derived from the official blank May 28, 2024 responder template; raw field name is immutable."
p0176c,Transported By,8,C,Trace-in and Trace-out,C5,,Transported By,table_cell,table,character,,bird_movements_transporter_name_phone,bird_movements,4,off,transporter_name_phone,,"Derived from the official blank May 28, 2024 responder template; raw field name is immutable."
p0177,Date,9,C,Trace-in and Trace-out,C5,,Date,table_cell,table,date,date,bird_movements_date,bird_movements,5,off,date,,"Derived from the official blank May 28, 2024 responder template; raw field name is immutable."
p0177a,Bird Type,9,C,Trace-in and Trace-out,C5,,Bird Type,table_cell,table,character,,bird_movements_bird_type,bird_movements,5,off,bird_type,,"Derived from the official blank May 28, 2024 responder template; raw field name is immutable."
p0177c,Transported By,9,C,Trace-in and Trace-out,C5,,Transported By,table_cell,table,character,,bird_movements_transporter_name_phone,bird_movements,5,off,transporter_name_phone,,"Derived from the official blank May 28, 2024 responder template; raw field name is immutable."
p0186,Egg Products Moved,9,C,Trace-in and Trace-out,C6,,Egg Products Moved,scalar_response,coded,character,,egg_products_moved_onto_premises,,,,,yes_no_1_3,"Derived from the official blank May 28, 2024 responder template; raw field name is immutable."
p0181,Eggs Moved,9,C,Trace-in and Trace-out,C6,,Eggs Moved,scalar_response,coded,character,,eggs_moved_onto_premises,,,,,yes_no_1_3,"Derived from the official blank May 28, 2024 responder template; raw field name is immutable."
p0178,Eggs Moved,9,C,Trace-in and Trace-out,C5,,Eggs Moved,scalar_response,coded,character,,eggs_moved_within_premises,,,,,yes_no_1_3,"Derived from the official blank May 28, 2024 responder template; raw field name is immutable."
p0179,Contract Crew,9,C,Trace-in and Trace-out,C5,,Contract Crew,scalar_response,coded,character,,contract_crew_moved_within_premises,,,,,yes_no_1_3,"Derived from the official blank May 28, 2024 responder template; raw field name is immutable."
p0180,Farm Equipment,9,C,Trace-in and Trace-out,C6,,Farm Equipment,scalar_response,coded,character,,farm_equipment_moved_within_premises,,,,,yes_no_1_3,"Derived from the official blank May 28, 2024 responder template; raw field name is immutable."
p0182b,Description of Eggs,9,C,Trace-in and Trace-out,C6,,Description of Eggs,table_cell,table,character,,egg_movements_description,egg_movements,1,onto,description,egg_description_1_2_3,"Derived from the official blank May 28, 2024 responder template; raw field name is immutable."
p0177b,Destination,9,C,Trace-in and Trace-out,C5,,Destination,table_cell,table,character,,bird_movements_destination_name_location_phone,bird_movements,5,off,destination_name_location_phone,,"Derived from the official blank May 28, 2024 responder template; raw field name is immutable."
p0179oth,Company/Crew Name,9,C,Trace-in and Trace-out,C5,,Company/Crew Name,other_specify,text,character,,company_crew_name,,,,,,"Derived from the official blank May 28, 2024 responder template; raw field name is immutable."
p0180oth,Describe,9,C,Trace-in and Trace-out,C6,,Describe,other_specify,text,character,,describe,,,,,,"Derived from the official blank May 28, 2024 responder template; raw field name is immutable."
p0182,Source Name and Location,9,C,Trace-in and Trace-out,C6,,Source Name and Location,table_cell,table,character,,egg_movements_source_destination,egg_movements,1,onto,source_destination,,"Derived from the official blank May 28, 2024 responder template; raw field name is immutable."
p0182a,Date,9,C,Trace-in and Trace-out,C6,,Date,table_cell,table,date,date,egg_movements_date,egg_movements,1,onto,date,,"Derived from the official blank May 28, 2024 responder template; raw field name is immutable."
p0183b,Description of Eggs,9,C,Trace-in and Trace-out,C6,,Description of Eggs,table_cell,table,character,,egg_movements_description,egg_movements,2,onto,description,egg_description_1_2_3,"Derived from the official blank May 28, 2024 responder template; raw field name is immutable."
p0184b,Description of Eggs,9,C,Trace-in and Trace-out,C6,,Description of Eggs,table_cell,table,character,,egg_movements_description,egg_movements,3,onto,description,egg_description_1_2_3,"Derived from the official blank May 28, 2024 responder template; raw field name is immutable."
p0185b,Description of Eggs,9,C,Trace-in and Trace-out,C6,,Description of Eggs,table_cell,table,character,,egg_movements_description,egg_movements,4,onto,description,egg_description_1_2_3,"Derived from the official blank May 28, 2024 responder template; raw field name is immutable."
p0185,Source Name and Location,9,C,Trace-in and Trace-out,C6,,Source Name and Location,table_cell,table,character,,egg_movements_source_destination,egg_movements,4,onto,source_destination,,"Derived from the official blank May 28, 2024 responder template; raw field name is immutable."
p0185a,Date,9,C,Trace-in and Trace-out,C6,,Date,table_cell,table,date,date,egg_movements_date,egg_movements,4,onto,date,,"Derived from the official blank May 28, 2024 responder template; raw field name is immutable."
p0184,Source Name and Location,9,C,Trace-in and Trace-out,C6,,Source Name and Location,table_cell,table,character,,egg_movements_source_destination,egg_movements,3,onto,source_destination,,"Derived from the official blank May 28, 2024 responder template; raw field name is immutable."
p0184a,Date,9,C,Trace-in and Trace-out,C6,,Date,table_cell,table,date,date,egg_movements_date,egg_movements,3,onto,date,,"Derived from the official blank May 28, 2024 responder template; raw field name is immutable."
p0183,Source Name and Location,9,C,Trace-in and Trace-out,C6,,Source Name and Location,table_cell,table,character,,egg_movements_source_destination,egg_movements,2,onto,source_destination,,"Derived from the official blank May 28, 2024 responder template; raw field name is immutable."
p0183a,Date,9,C,Trace-in and Trace-out,C6,,Date,table_cell,table,date,date,egg_movements_date,egg_movements,2,onto,date,,"Derived from the official blank May 28, 2024 responder template; raw field name is immutable."
p0187b,Description of Egg Products,9,C,Trace-in and Trace-out,C6,,Description of Egg Products,table_cell,table,character,,egg_movements_description,egg_movements,1,onto,description,egg_product_status_1_2,"Derived from the official blank May 28, 2024 responder template; raw field name is immutable."
p0188b,Description of Egg Products,9,C,Trace-in and Trace-out,C6,,Description of Egg Products,table_cell,table,character,,egg_movements_description,egg_movements,2,onto,description,egg_product_status_1_2,"Derived from the official blank May 28, 2024 responder template; raw field name is immutable."
p0189b,Description of Egg Products,9,C,Trace-in and Trace-out,C6,,Description of Egg Products,table_cell,table,character,,egg_movements_description,egg_movements,3,onto,description,egg_product_status_1_2,"Derived from the official blank May 28, 2024 responder template; raw field name is immutable."
p0189,Source Name and Location,9,C,Trace-in and Trace-out,C6,,Source Name and Location,table_cell,table,character,,egg_movements_source_destination,egg_movements,3,onto,source_destination,,"Derived from the official blank May 28, 2024 responder template; raw field name is immutable."
p0189a,Date,9,C,Trace-in and Trace-out,C6,,Date,table_cell,table,date,date,egg_movements_date,egg_movements,3,onto,date,,"Derived from the official blank May 28, 2024 responder template; raw field name is immutable."
p0190,Source Name and Location,10,C,Trace-in and Trace-out,C6,,Source Name and Location,table_cell,table,character,,egg_movements_source_destination,egg_movements,4,onto,source_destination,,"Derived from the official blank May 28, 2024 responder template; raw field name is immutable."
p0190a,Date,10,C,Trace-in and Trace-out,C6,,Date,table_cell,table,date,date,egg_movements_date,egg_movements,4,onto,date,,"Derived from the official blank May 28, 2024 responder template; raw field name is immutable."
p0190b,Description of Egg Products,10,C,Trace-in and Trace-out,C6,,Description of Egg Products,table_cell,table,character,,egg_movements_description,egg_movements,4,onto,description,egg_product_status_1_2,"Derived from the official blank May 28, 2024 responder template; raw field name is immutable."
p0187,Source Name and Location,9,C,Trace-in and Trace-out,C6,,Source Name and Location,table_cell,table,character,,egg_movements_source_destination,egg_movements,1,onto,source_destination,,"Derived from the official blank May 28, 2024 responder template; raw field name is immutable."
p0187a,Date,9,C,Trace-in and Trace-out,C6,,Date,table_cell,table,date,date,egg_movements_date,egg_movements,1,onto,date,,"Derived from the official blank May 28, 2024 responder template; raw field name is immutable."
p0188,Source Name and Location,9,C,Trace-in and Trace-out,C6,,Source Name and Location,table_cell,table,character,,egg_movements_source_destination,egg_movements,2,onto,source_destination,,"Derived from the official blank May 28, 2024 responder template; raw field name is immutable."
p0188a,Date,9,C,Trace-in and Trace-out,C6,,Date,table_cell,table,date,date,egg_movements_date,egg_movements,2,onto,date,,"Derived from the official blank May 28, 2024 responder template; raw field name is immutable."
p0191,Eggs Moved,10,C,Trace-in and Trace-out,C6,,Eggs Moved,scalar_response,coded,character,,eggs_moved_off_premises,,,,,yes_no_1_3,"Derived from the official blank May 28, 2024 responder template; raw field name is immutable."
p0192,Source Name and Location,10,C,Trace-in and Trace-out,C6,,Source Name and Location,table_cell,table,character,,egg_movements_source_destination,egg_movements,1,off,source_destination,,"Derived from the official blank May 28, 2024 responder template; raw field name is immutable."
p0192a,Date,10,C,Trace-in and Trace-out,C6,,Date,table_cell,table,date,date,egg_movements_date,egg_movements,1,off,date,,"Derived from the official blank May 28, 2024 responder template; raw field name is immutable."
p0192b,Description of Eggs,10,C,Trace-in and Trace-out,C6,,Description of Eggs,table_cell,table,character,,egg_movements_description,egg_movements,1,off,description,egg_description_1_2_3,"Derived from the official blank May 28, 2024 responder template; raw field name is immutable."
p0193,Source Name and Location,10,C,Trace-in and Trace-out,C6,,Source Name and Location,table_cell,table,character,,egg_movements_source_destination,egg_movements,2,off,source_destination,,"Derived from the official blank May 28, 2024 responder template; raw field name is immutable."
p0193a,Date,10,C,Trace-in and Trace-out,C6,,Date,table_cell,table,date,date,egg_movements_date,egg_movements,2,off,date,,"Derived from the official blank May 28, 2024 responder template; raw field name is immutable."
p0193b,Description of Eggs,10,C,Trace-in and Trace-out,C6,,Description of Eggs,table_cell,table,character,,egg_movements_description,egg_movements,2,off,description,egg_description_1_2_3,"Derived from the official blank May 28, 2024 responder template; raw field name is immutable."
p0194,Source Name and Location,10,C,Trace-in and Trace-out,C6,,Source Name and Location,table_cell,table,character,,egg_movements_source_destination,egg_movements,3,off,source_destination,,"Derived from the official blank May 28, 2024 responder template; raw field name is immutable."
p0194a,Date,10,C,Trace-in and Trace-out,C6,,Date,table_cell,table,date,date,egg_movements_date,egg_movements,3,off,date,,"Derived from the official blank May 28, 2024 responder template; raw field name is immutable."
p0194b,Description of Eggs,10,C,Trace-in and Trace-out,C6,,Description of Eggs,table_cell,table,character,,egg_movements_description,egg_movements,3,off,description,egg_description_1_2_3,"Derived from the official blank May 28, 2024 responder template; raw field name is immutable."
p0195,Source Name and Location,10,C,Trace-in and Trace-out,C6,,Source Name and Location,table_cell,table,character,,egg_movements_source_destination,egg_movements,4,off,source_destination,,"Derived from the official blank May 28, 2024 responder template; raw field name is immutable."
p0195a,Date,10,C,Trace-in and Trace-out,C6,,Date,table_cell,table,date,date,egg_movements_date,egg_movements,4,off,date,,"Derived from the official blank May 28, 2024 responder template; raw field name is immutable."
p0195b,Description of Eggs,10,C,Trace-in and Trace-out,C6,,Description of Eggs,table_cell,table,character,,egg_movements_description,egg_movements,4,off,description,egg_description_1_2_3,"Derived from the official blank May 28, 2024 responder template; raw field name is immutable."
p0196,Egg Products Moved,10,C,Trace-in and Trace-out,C6,,Egg Products Moved,scalar_response,coded,character,,egg_products_moved_off_premises,,,,,yes_no_1_3,"Derived from the official blank May 28, 2024 responder template; raw field name is immutable."
p0197,Source Name and Location,10,C,Trace-in and Trace-out,C6,,Source Name and Location,table_cell,table,character,,egg_movements_source_destination,egg_movements,1,off,source_destination,,"Derived from the official blank May 28, 2024 responder template; raw field name is immutable."
p0197a,Date,10,C,Trace-in and Trace-out,C6,,Date,table_cell,table,date,date,egg_movements_date,egg_movements,1,off,date,,"Derived from the official blank May 28, 2024 responder template; raw field name is immutable."
p0197b,Description of Egg Products,10,C,Trace-in and Trace-out,C6,,Description of Egg Products,table_cell,table,character,,egg_movements_description,egg_movements,1,off,description,egg_product_status_1_2,"Derived from the official blank May 28, 2024 responder template; raw field name is immutable."
p0198,Source Name and Location,10,C,Trace-in and Trace-out,C6,,Source Name and Location,table_cell,table,character,,egg_movements_source_destination,egg_movements,2,off,source_destination,,"Derived from the official blank May 28, 2024 responder template; raw field name is immutable."
p0198a,Date,10,C,Trace-in and Trace-out,C6,,Date,table_cell,table,date,date,egg_movements_date,egg_movements,2,off,date,,"Derived from the official blank May 28, 2024 responder template; raw field name is immutable."
p0198b,Description of Egg Products,10,C,Trace-in and Trace-out,C6,,Description of Egg Products,table_cell,table,character,,egg_movements_description,egg_movements,2,off,description,egg_product_status_1_2,"Derived from the official blank May 28, 2024 responder template; raw field name is immutable."
p0199b,Description of Egg Products,10,C,Trace-in and Trace-out,C6,,Description of Egg Products,table_cell,table,character,,egg_movements_description,egg_movements,3,off,description,egg_product_status_1_2,"Derived from the official blank May 28, 2024 responder template; raw field name is immutable."
p0199,Source Name and Location,10,C,Trace-in and Trace-out,C6,,Source Name and Location,table_cell,table,character,,egg_movements_source_destination,egg_movements,3,off,source_destination,,"Derived from the official blank May 28, 2024 responder template; raw field name is immutable."
p0199a,Date,10,C,Trace-in and Trace-out,C6,,Date,table_cell,table,date,date,egg_movements_date,egg_movements,3,off,date,,"Derived from the official blank May 28, 2024 responder template; raw field name is immutable."
p0200a,Date,10,C,Trace-in and Trace-out,C6,,Date,table_cell,table,date,date,egg_movements_date,egg_movements,4,off,date,,"Derived from the official blank May 28, 2024 responder template; raw field name is immutable."
p0200b,Description of Egg Products,10,C,Trace-in and Trace-out,C6,,Description of Egg Products,table_cell,table,character,,egg_movements_description,egg_movements,4,off,description,,"Derived from the official blank May 28, 2024 responder template; raw field name is immutable."
p0300,Domestic Birds Outdoors,10,C,Trace-in and Trace-out,D1,,Domestic Birds Outdoors,scalar_response,coded,character,,domestic_birds_outdoor_access,,,,,yes_no_1_3,"Derived from the official blank May 28, 2024 responder template; raw field name is immutable."
p0301,Water Bodies,11,D,Wild Bird and Environmental Information,D1,,Water Bodies,scalar_response,coded,character,,waterbody_within_350_yards,,,,,yes_no_1_3,"Derived from the official blank May 28, 2024 responder template; raw field name is immutable."
p0302,Unfrozen Water,11,D,Wild Bird and Environmental Information,D1,,Unfrozen Water,scalar_response,coded,character,,waterbody_open_water,,,,,yes_no_1_3,"Derived from the official blank May 28, 2024 responder template; raw field name is immutable."
p0303,Ducks,11,D,Wild Bird and Environmental Information,D1,,Ducks,scalar_response,coded,character,,wildlife_abundance_ducks,,,,,abundance_1_5,"Derived from the official blank May 28, 2024 responder template; raw field name is immutable."
p0304,Geese,11,D,Wild Bird and Environmental Information,D1,,Geese,scalar_response,coded,character,,wildlife_abundance_geese,,,,,abundance_1_5,"Derived from the official blank May 28, 2024 responder template; raw field name is immutable."
p0305,Shorebirds,11,D,Wild Bird and Environmental Information,D1,,Shorebirds,scalar_response,coded,character,,wildlife_abundance_shorebirds,,,,,abundance_1_5,"Derived from the official blank May 28, 2024 responder template; raw field name is immutable."
p0306,Other,11,D,Wild Bird and Environmental Information,D1,,Other,scalar_response,coded,character,,wildlife_abundance_other,,,,,abundance_1_5,"Derived from the official blank May 28, 2024 responder template; raw field name is immutable."
p0310,Ducks,11,D,Wild Bird and Environmental Information,D1,,Ducks,scalar_response,coded,character,,wildlife_frequency_p0310,,,,,abundance_1_5,"Derived from the official blank May 28, 2024 responder template; raw field name is immutable."
p0200,Source Name and Location,10,C,Trace-in and Trace-out,C6,,Source Name and Location,table_cell,table,character,,egg_movements_source_destination,egg_movements,4,off,source_destination,,"Derived from the official blank May 28, 2024 responder template; raw field name is immutable."
p0306oth,Other,11,D,Wild Bird and Environmental Information,D1,,Other,other_specify,text,character,,other_waterfowl_type,,,,,,"Derived from the official blank May 28, 2024 responder template; raw field name is immutable."
p0311,Geese,11,D,Wild Bird and Environmental Information,D1,,Geese,scalar_response,coded,character,,wildlife_frequency_p0311,,,,,abundance_1_5,"Derived from the official blank May 28, 2024 responder template; raw field name is immutable."
p0312,Shorebirds,11,D,Wild Bird and Environmental Information,D1,,Shorebirds,scalar_response,coded,character,,wildlife_frequency_p0312,,,,,abundance_1_5,"Derived from the official blank May 28, 2024 responder template; raw field name is immutable."
p0313,Other,11,D,Wild Bird and Environmental Information,D1,,Other,scalar_response,coded,character,,wildlife_frequency_p0313,,,,,abundance_1_5,"Derived from the official blank May 28, 2024 responder template; raw field name is immutable."
p0309,Field Worked,11,D,Wild Bird and Environmental Information,D1,,Field Worked,scalar_response,coded,character,,closest_field_worked_reference_period,,,,,yes_no_dk_1_3_4,"Derived from the official blank May 28, 2024 responder template; raw field name is immutable."
p0308,Field Tilled,11,D,Wild Bird and Environmental Information,D1,,Field Tilled,scalar_response,coded,character,,closest_field_tilled_last_fall,,,,,yes_no_dk_1_3_4,"Derived from the official blank May 28, 2024 responder template; raw field name is immutable."
p0307,Yards,11,D,Wild Bird and Environmental Information,D1,,Yards,scalar_response,text,numeric,yards,closest_field_distance_yards,,,,,,"Derived from the official blank May 28, 2024 responder template; raw field name is immutable."
p0314,Supplemental Feed,11,D,Wild Bird and Environmental Information,D1,,Supplemental Feed,scalar_response,coded,character,,supplemental_feed,,,,,yes_no_na_dk_1_3_na_4,"Derived from the official blank May 28, 2024 responder template; raw field name is immutable."
p0315,Waterfowl,11,D,Wild Bird and Environmental Information,D1,,Waterfowl,scalar_response,coded,character,,wildlife_frequency_p0315,,,,,frequency_1_3,"Derived from the official blank May 28, 2024 responder template; raw field name is immutable."
p0316,Gulls,11,D,Wild Bird and Environmental Information,D1,,Gulls,scalar_response,coded,character,,wildlife_frequency_p0316,,,,,frequency_1_3,"Derived from the official blank May 28, 2024 responder template; raw field name is immutable."
p0317,Other Water Birds,12,D,Wild Bird and Environmental Information,D1,,Other Water Birds,scalar_response,coded,character,,wildlife_frequency_p0317,,,,,frequency_1_3,"Derived from the official blank May 28, 2024 responder template; raw field name is immutable."
p0318,Small Perching Birds,12,D,Wild Bird and Environmental Information,D1,,Small Perching Birds,scalar_response,coded,character,,wildlife_frequency_p0318,,,,,frequency_1_3,"Derived from the official blank May 28, 2024 responder template; raw field name is immutable."
p0319,Blackbirds Crows,12,D,Wild Bird and Environmental Information,D1,,Blackbirds Crows,scalar_response,coded,character,,wildlife_frequency_p0319,,,,,frequency_1_3,"Derived from the official blank May 28, 2024 responder template; raw field name is immutable."
p0320,Turkeys etc,12,D,Wild Bird and Environmental Information,D1,,Turkeys etc,scalar_response,coded,character,,wildlife_frequency_p0320,,,,,frequency_1_3,"Derived from the official blank May 28, 2024 responder template; raw field name is immutable."
p0321,Raptors,12,D,Wild Bird and Environmental Information,D1,,Raptors,scalar_response,coded,character,,wildlife_frequency_p0321,,,,,frequency_1_3,"Derived from the official blank May 28, 2024 responder template; raw field name is immutable."
p0322,Pigeons Doves,12,D,Wild Bird and Environmental Information,D1,,Pigeons Doves,scalar_response,coded,character,,wildlife_frequency_p0322,,,,,frequency_1_3,"Derived from the official blank May 28, 2024 responder template; raw field name is immutable."
p0323,Other,12,D,Wild Bird and Environmental Information,D1,,Other,scalar_response,coded,character,,wildlife_frequency_p0323,,,,,frequency_1_3,"Derived from the official blank May 28, 2024 responder template; raw field name is immutable."
p0313oth,Other,11,D,Wild Bird and Environmental Information,D1,,Other,other_specify,text,character,,other_wild_bird_type,,,,,,"Derived from the official blank May 28, 2024 responder template; raw field name is immutable."
p0326,Wild Birds,12,D,Wild Bird and Environmental Information,D1,,Wild Birds,scalar_response,coded,character,,wild_birds_observed,,,,,yes_no_1_3,"Derived from the official blank May 28, 2024 responder template; raw field name is immutable."
p0327,Wild Mammals,12,D,Wild Bird and Environmental Information,D1,,Wild Mammals,scalar_response,coded,character,,wild_mammals_present,,,,,yes_no_1_3,"Derived from the official blank May 28, 2024 responder template; raw field name is immutable."
p0328,Additional Info,12,D,Wild Bird and Environmental Information,D1,,Additional Info,scalar_response,coded,character,,additional_information_available,,,,,yes_no_1_3,"Derived from the official blank May 28, 2024 responder template; raw field name is immutable."
p0325,Wildlife Plan,12,D,Wild Bird and Environmental Information,D1,,Wildlife Plan,scalar_response,coded,character,,wildlife_management_plan,,,,,yes_no_dk_1_3_4,"Derived from the official blank May 28, 2024 responder template; raw field name is immutable."
p0324,Wild Mammals,12,D,Wild Bird and Environmental Information,D1,,Wild Mammals,scalar_response,coded,character,,wild_mammals_observed,,,,,yes_no_1_3,"Derived from the official blank May 28, 2024 responder template; raw field name is immutable."
p0109c,Use Ctrl or Shift to select multiple,4,C,Trace-in and Trace-out,C1,,Use Ctrl or Shift to select multiple,table_cell,table,character,,manure_destinations_livestock_or_poultry_housed,manure_destinations,1,,livestock_or_poultry_housed,,"Derived from the official blank May 28, 2024 responder template; raw field name is immutable."
p0110c,Use Ctrl or Shift to select multiple,4,C,Trace-in and Trace-out,C2,,Use Ctrl or Shift to select multiple,table_cell,table,character,,manure_destinations_livestock_or_poultry_housed,manure_destinations,2,,livestock_or_poultry_housed,,"Derived from the official blank May 28, 2024 responder template; raw field name is immutable."
p0111c,Use Ctrl or Shift to select multiple,4,C,Trace-in and Trace-out,C2,,Use Ctrl or Shift to select multiple,table_cell,table,character,,manure_destinations_livestock_or_poultry_housed,manure_destinations,3,,livestock_or_poultry_housed,,"Derived from the official blank May 28, 2024 responder template; raw field name is immutable."
p0133d,Use Ctrl or Shift to select multiple,6,C,Trace-in and Trace-out,C4,,Use Ctrl or Shift to select multiple,table_cell,table,character,,visitors_other_livestock_premises_type,visitors,1,federal_or_state_animal_health,other_livestock_premises_type,,"Derived from the official blank May 28, 2024 responder template; raw field name is immutable."
p0134d,Use Ctrl or Shift to select multiple,6,C,Trace-in and Trace-out,C4,,Use Ctrl or Shift to select multiple,table_cell,table,character,,visitors_other_livestock_premises_type,visitors,2,veterinarian,other_livestock_premises_type,,"Derived from the official blank May 28, 2024 responder template; raw field name is immutable."
p0135d,Use Ctrl or Shift to select multiple,6,C,Trace-in and Trace-out,C4,,Use Ctrl or Shift to select multiple,table_cell,table,character,,visitors_other_livestock_premises_type,visitors,3,feed_delivery,other_livestock_premises_type,,"Derived from the official blank May 28, 2024 responder template; raw field name is immutable."
p0136d,Use Ctrl or Shift to select multiple,6,C,Trace-in and Trace-out,C4,,Use Ctrl or Shift to select multiple,table_cell,table,character,,visitors_other_livestock_premises_type,visitors,4,egg_truck,other_livestock_premises_type,,"Derived from the official blank May 28, 2024 responder template; raw field name is immutable."
p0137d,Use Ctrl or Shift to select multiple,6,C,Trace-in and Trace-out,C4,,Use Ctrl or Shift to select multiple,table_cell,table,character,,visitors_other_livestock_premises_type,visitors,5,litter_removal,other_livestock_premises_type,,"Derived from the official blank May 28, 2024 responder template; raw field name is immutable."
p0138d,Use Ctrl or Shift to select multiple,6,C,Trace-in and Trace-out,C4,,Use Ctrl or Shift to select multiple,table_cell,table,character,,visitors_other_livestock_premises_type,visitors,6,rendering_pickup,other_livestock_premises_type,,"Derived from the official blank May 28, 2024 responder template; raw field name is immutable."
p0139d,Use Ctrl or Shift to select multiple,6,C,Trace-in and Trace-out,C4,,Use Ctrl or Shift to select multiple,table_cell,table,character,,visitors_other_livestock_premises_type,visitors,7,pest_control,other_livestock_premises_type,,"Derived from the official blank May 28, 2024 responder template; raw field name is immutable."
p0140d,Use Ctrl or Shift to select multiple,6,C,Trace-in and Trace-out,C4,,Use Ctrl or Shift to select multiple,table_cell,table,character,,visitors_other_livestock_premises_type,visitors,8,catching_crew,other_livestock_premises_type,,"Derived from the official blank May 28, 2024 responder template; raw field name is immutable."
p0141d,Use Ctrl or Shift to select multiple,6,C,Trace-in and Trace-out,C4,,Use Ctrl or Shift to select multiple,table_cell,table,character,,visitors_other_livestock_premises_type,visitors,9,live_haul,other_livestock_premises_type,,"Derived from the official blank May 28, 2024 responder template; raw field name is immutable."
p0142d,Use Ctrl or Shift to select multiple,6,C,Trace-in and Trace-out,C4,,Use Ctrl or Shift to select multiple,table_cell,table,character,,visitors_other_livestock_premises_type,visitors,10,maintenance,other_livestock_premises_type,,"Derived from the official blank May 28, 2024 responder template; raw field name is immutable."
p0143d,Use Ctrl or Shift to select multiple,6,C,Trace-in and Trace-out,C4,,Use Ctrl or Shift to select multiple,table_cell,table,character,,visitors_other_livestock_premises_type,visitors,11,utility,other_livestock_premises_type,,"Derived from the official blank May 28, 2024 responder template; raw field name is immutable."
p0144d,Use Ctrl or Shift to select multiple,6,C,Trace-in and Trace-out,C4,,Use Ctrl or Shift to select multiple,table_cell,table,character,,visitors_other_livestock_premises_type,visitors,12,vaccination_crew,other_livestock_premises_type,,"Derived from the official blank May 28, 2024 responder template; raw field name is immutable."
p0145d,Use Ctrl or Shift to select multiple,7,C,Trace-in and Trace-out,C4,,Use Ctrl or Shift to select multiple,table_cell,table,character,,visitors_other_livestock_premises_type,visitors,13,dead_bird_pickup,other_livestock_premises_type,,"Derived from the official blank May 28, 2024 responder template; raw field name is immutable."
p0146d,Use Ctrl or Shift to select multiple,7,C,Trace-in and Trace-out,C4,,Use Ctrl or Shift to select multiple,table_cell,table,character,,visitors_other_livestock_premises_type,visitors,14,service_provider,other_livestock_premises_type,,"Derived from the official blank May 28, 2024 responder template; raw field name is immutable."
p0147d,Use Ctrl or Shift to select multiple,7,C,Trace-in and Trace-out,C4,,Use Ctrl or Shift to select multiple,table_cell,table,character,,visitors_other_livestock_premises_type,visitors,15,other_livestock_contact,other_livestock_premises_type,,"Derived from the official blank May 28, 2024 responder template; raw field name is immutable."
p0148d,Use Ctrl or Shift to select multiple,7,C,Trace-in and Trace-out,C4,,Use Ctrl or Shift to select multiple,table_cell,table,character,,visitors_other_livestock_premises_type,visitors,16,community_contact,other_livestock_premises_type,,"Derived from the official blank May 28, 2024 responder template; raw field name is immutable."
p0149d,Use Ctrl or Shift to select multiple,7,C,Trace-in and Trace-out,C4,,Use Ctrl or Shift to select multiple,table_cell,table,character,,visitors_other_livestock_premises_type,visitors,17,processor,other_livestock_premises_type,,"Derived from the official blank May 28, 2024 responder template; raw field name is immutable."
p0150d,Use Ctrl or Shift to select multiple,7,C,Trace-in and Trace-out,C4,,Use Ctrl or Shift to select multiple,table_cell,table,character,,visitors_other_livestock_premises_type,visitors,18,other,other_livestock_premises_type,,"Derived from the official blank May 28, 2024 responder template; raw field name is immutable."
p0151d,Use Ctrl or Shift to select multiple,7,C,Trace-in and Trace-out,C4,,Use Ctrl or Shift to select multiple,table_cell,table,character,,shared_equipment_other_premises_livestock_type,shared_equipment,1,atv_four_wheeler,other_premises_livestock_type,,"Derived from the official blank May 28, 2024 responder template; raw field name is immutable."
p0165d,Use Ctrl or Shift to select multiple,8,C,Trace-in and Trace-out,C5,,Use Ctrl or Shift to select multiple,table_cell,table,character,,shared_equipment_other_premises_livestock_type,shared_equipment,15,other,other_premises_livestock_type,,"Derived from the official blank May 28, 2024 responder template; raw field name is immutable."
p0164d,Use Ctrl or Shift to select multiple,8,C,Trace-in and Trace-out,C5,,Use Ctrl or Shift to select multiple,table_cell,table,character,,shared_equipment_other_premises_livestock_type,shared_equipment,14,transport_equipment,other_premises_livestock_type,,"Derived from the official blank May 28, 2024 responder template; raw field name is immutable."
p0163d,Use Ctrl or Shift to select multiple,8,C,Trace-in and Trace-out,C5,,Use Ctrl or Shift to select multiple,table_cell,table,character,,shared_equipment_other_premises_livestock_type,shared_equipment,13,feed_equipment,other_premises_livestock_type,,"Derived from the official blank May 28, 2024 responder template; raw field name is immutable."
p0162d,Use Ctrl or Shift to select multiple,8,C,Trace-in and Trace-out,C5,,Use Ctrl or Shift to select multiple,table_cell,table,character,,shared_equipment_other_premises_livestock_type,shared_equipment,12,live_haul_equipment,other_premises_livestock_type,,"Derived from the official blank May 28, 2024 responder template; raw field name is immutable."
p0161d,Use Ctrl or Shift to select multiple,8,C,Trace-in and Trace-out,C5,,Use Ctrl or Shift to select multiple,table_cell,table,character,,shared_equipment_other_premises_livestock_type,shared_equipment,11,catching_equipment,other_premises_livestock_type,,"Derived from the official blank May 28, 2024 responder template; raw field name is immutable."
p0160d,Use Ctrl or Shift to select multiple,8,C,Trace-in and Trace-out,C5,,Use Ctrl or Shift to select multiple,table_cell,table,character,,shared_equipment_other_premises_livestock_type,shared_equipment,10,vaccination_equipment,other_premises_livestock_type,,"Derived from the official blank May 28, 2024 responder template; raw field name is immutable."
p0159d,Use Ctrl or Shift to select multiple,7,C,Trace-in and Trace-out,C4,,Use Ctrl or Shift to select multiple,table_cell,table,character,,shared_equipment_other_premises_livestock_type,shared_equipment,9,cleaning_equipment,other_premises_livestock_type,,"Derived from the official blank May 28, 2024 responder template; raw field name is immutable."
p0158d,Use Ctrl or Shift to select multiple,7,C,Trace-in and Trace-out,C4,,Use Ctrl or Shift to select multiple,table_cell,table,character,,shared_equipment_other_premises_livestock_type,shared_equipment,8,manure_litter_equipment,other_premises_livestock_type,,"Derived from the official blank May 28, 2024 responder template; raw field name is immutable."
p0157d,Use Ctrl or Shift to select multiple,7,C,Trace-in and Trace-out,C4,,Use Ctrl or Shift to select multiple,table_cell,table,character,,shared_equipment_other_premises_livestock_type,shared_equipment,7,dead_bird_containers,other_premises_livestock_type,,"Derived from the official blank May 28, 2024 responder template; raw field name is immutable."
p0156d,Use Ctrl or Shift to select multiple,7,C,Trace-in and Trace-out,C4,,Use Ctrl or Shift to select multiple,table_cell,table,character,,shared_equipment_other_premises_livestock_type,shared_equipment,6,pallets,other_premises_livestock_type,,"Derived from the official blank May 28, 2024 responder template; raw field name is immutable."
p0155d,Use Ctrl or Shift to select multiple,7,C,Trace-in and Trace-out,C4,,Use Ctrl or Shift to select multiple,table_cell,table,character,,shared_equipment_other_premises_livestock_type,shared_equipment,5,egg_equipment,other_premises_livestock_type,,"Derived from the official blank May 28, 2024 responder template; raw field name is immutable."
p0154d,Use Ctrl or Shift to select multiple,7,C,Trace-in and Trace-out,C4,,Use Ctrl or Shift to select multiple,table_cell,table,character,,shared_equipment_other_premises_livestock_type,shared_equipment,4,loaders,other_premises_livestock_type,,"Derived from the official blank May 28, 2024 responder template; raw field name is immutable."
p0153d,Use Ctrl or Shift to select multiple,7,C,Trace-in and Trace-out,C4,,Use Ctrl or Shift to select multiple,table_cell,table,character,,shared_equipment_other_premises_livestock_type,shared_equipment,3,gates_panels,other_premises_livestock_type,,"Derived from the official blank May 28, 2024 responder template; raw field name is immutable."
p0152d,Use Ctrl or Shift to select multiple,7,C,Trace-in and Trace-out,C4,,Use Ctrl or Shift to select multiple,table_cell,table,character,,shared_equipment_other_premises_livestock_type,shared_equipment,2,tractor,other_premises_livestock_type,,"Derived from the official blank May 28, 2024 responder template; raw field name is immutable."
If Yes describe p0328oth,"If Yes, describe: p0328oth",12,D,Wild Bird and Environmental Information,D1,,"If Yes, describe: p0328oth",other_specify,text,character,,if_yes_describe_p0328oth,,,,,,"Derived from the official blank May 28, 2024 responder template; raw field name is immutable."
CLEAR FORM,Select to clear all entries in the form,1,A,Premises Information,A1,,Select to clear all entries in the form,scalar_response,coded,character,,clear_form,,,,,,"Derived from the official blank May 28, 2024 responder template; raw field name is immutable."
p0323oth,Other,12,D,Wild Bird and Environmental Information,D1,,Other,other_specify,text,character,,other_wildlife_type,,,,,,"Derived from the official blank May 28, 2024 responder template; raw field name is immutable."
