field_index,field,alternative_name,field_type,field_flags,default_value_raw,default_value,is_default_value,states,options,is_multiselect,page,x1,y1,x2,y2,printed_x1,printed_y1,printed_x2,printed_y2,printed_scale,printed_dx,printed_dy,printed_baseline_text
1,premid,Premises ID,Tx,,,,False,,,False,1,416.014,429.195,515.302,451.195,416.014,429.195,515.302,451.195,1.0,0.0,0.0,(cid:66)(cid:66)(cid:66)(cid:66)(cid:66)(cid:66)(cid:66)(cid:66)(cid:66)(cid:66)(cid:66)(cid:66)(cid:66)(cid:66)(cid:66)(cid:66)
2,premname,Premises Name,Tx,,,,False,,,False,1,182.86,405.814,501.758,427.814,182.86,405.814,501.758,427.814,1.0,0.0,0.0,printed form (cid:66)(cid:66)(cid:66)(cid:66)(cid:66)(cid:66)(cid:66)(cid:66)(cid:66)(cid:66)(cid:66)(cid:66)(cid:66)(cid:66)(cid:66)(cid:66)(cid:66)(cid:66)(cid:66)(cid:66)(cid:66)(cid:66)(cid:66)(cid:66)(cid:66)(cid:66)(cid:66)(cid:66)(cid:66)(cid:66)(cid:66)(cid:66)(cid:66)(cid:66)(cid:66)(cid:66)(cid:66)(cid:66)(cid:66)(cid:66)(cid:66)(cid:66)(cid:66)(cid:66)(cid:66)(cid:66)(cid:66)(cid:66)(cid:66)(cid:66)(cid:66)(cid:66)(cid:66)(cid:66)(cid:66)(cid:66)(cid:66)
3,premadd,Premises Address,Tx,,,,False,,,False,1,182.959,382.937,507.014,404.937,182.959,382.937,507.014,404.937,1.0,0.0,0.0,(cid:66)(cid:66)(cid:66)(cid:66)(cid:66)(cid:66)(cid:66)(cid:66)(cid:66)(cid:66)(cid:66)(cid:66)(cid:66)(cid:66)(cid:66)(cid:66)(cid:66)(cid:66)(cid:66)(cid:66)(cid:66)(cid:66)(cid:66)(cid:66)(cid:66)(cid:66)(cid:66)(cid:66)(cid:66)(cid:66)(cid:66)(cid:66)(cid:66)(cid:66)(cid:66)(cid:66)(cid:66)(cid:66)(cid:66)(cid:66)(cid:66)(cid:66)(cid:66)(cid:66)(cid:66)(cid:66)(cid:66)(cid:66)(cid:66)(cid:66)(cid:66)(cid:66)(cid:66)(cid:66)(cid:66)(cid:66)(cid:66)(cid:66)
4,premcnty,Premises County,Tx,,,,False,,,False,1,183.057,359.631,507.543,381.631,183.057,359.631,507.543,381.631,1.0,0.0,0.0,(cid:66)(cid:66)(cid:66)(cid:66)(cid:66)(cid:66)(cid:66)(cid:66)(cid:66)(cid:66)(cid:66)(cid:66)(cid:66)(cid:66)(cid:66)(cid:66)(cid:66)(cid:66)(cid:66)(cid:66)(cid:66)(cid:66)(cid:66)(cid:66)(cid:66)(cid:66)(cid:66)(cid:66)(cid:66)(cid:66)(cid:66)(cid:66)(cid:66)(cid:66)(cid:66)(cid:66)(cid:66)(cid:66)(cid:66)(cid:66)(cid:66)(cid:66)(cid:66)(cid:66)(cid:66)(cid:66)(cid:66)(cid:66)(cid:66)(cid:66)(cid:66)(cid:66)(cid:66)(cid:66)(cid:66)(cid:66)(cid:66)(cid:66)
5,ownname,Premises Owner Name,Tx,,,,False,,,False,1,216.248,335.895,506.782,357.895,216.248,335.895,506.782,357.895,1.0,0.0,0.0,(cid:66)(cid:66)(cid:66)(cid:66)(cid:66)(cid:66)(cid:66)(cid:66)(cid:66)(cid:66)(cid:66)(cid:66)(cid:66)(cid:66)(cid:66)(cid:66)(cid:66)(cid:66)(cid:66)(cid:66)(cid:66)(cid:66)(cid:66)(cid:66)(cid:66)(cid:66)(cid:66)(cid:66)(cid:66)(cid:66)(cid:66)(cid:66)(cid:66)(cid:66)(cid:66)(cid:66)(cid:66)(cid:66)(cid:66)(cid:66)(cid:66)(cid:66)(cid:66)(cid:66)(cid:66)(cid:66)(cid:66)(cid:66)(cid:66)(cid:66)(cid:66)(cid:66)(cid:82)(cid:90)(cid:81)(cid:81)(cid:68)(cid:80)(cid:72)
6,ownph,Premises Owner Phone,Tx,,,,False,,,False,1,144.146,313.879,261.913,335.879,144.146,313.879,261.913,335.879,1.0,0.0,0.0,(cid:66)(cid:66)(cid:66)(cid:66)(cid:66)(cid:66)(cid:66)(cid:66)(cid:66)(cid:66)(cid:66)(cid:66)(cid:66)(cid:66)(cid:66)(cid:66)(cid:66)(cid:66)(cid:66)(cid:66)(cid:66)
7,owneml,Premises Owner Email,Tx,,,,False,,,False,1,327.325,313.35,512.566,335.35,327.325,313.35,512.566,335.35,1.0,0.0,0.0,(cid:66)(cid:66)(cid:66)(cid:66)(cid:66)(cid:66)(cid:66)(cid:66)(cid:66)(cid:66)(cid:66)(cid:66)(cid:66)(cid:66)(cid:66)(cid:66)(cid:66)(cid:66)(cid:66)(cid:66)(cid:66)(cid:66)(cid:66)(cid:66)(cid:66)(cid:66)(cid:66)(cid:66)(cid:66)(cid:66)(cid:66)(cid:66)(cid:66)(cid:82)(cid:90)(cid:81)(cid:72)(cid:80)(cid:79)
8,premlat,Premises Entrance Latitude,Tx,,,,False,,,False,1,199.353,290.044,286.178,312.044,199.353,290.044,286.178,312.044,1.0,0.0,0.0,(cid:66)(cid:66)(cid:66)(cid:66)(cid:66)(cid:66)(cid:66)(cid:66)(cid:66)(cid:66)(cid:66)(cid:66)(cid:66)(cid:66)(cid:66)
9,premlong,Premises Entrance Longitude,Tx,,,,False,,,False,1,377.805,290.805,508.036,312.805,377.805,290.805,508.036,312.805,1.0,0.0,0.0,(cid:66)(cid:66)(cid:66)(cid:66)(cid:66)(cid:66)(cid:66)(cid:66)(cid:66)(cid:66)(cid:66)(cid:66)(cid:66)(cid:66)(cid:66)(cid:66)(cid:66)(cid:66)(cid:66)(cid:66)(cid:66)(cid:66)(cid:66)
10,amlname,Animal Owner Name,Tx,,,,False,,,False,1,217.171,261.912,504.696,283.912,217.171,261.912,504.696,283.912,1.0,0.0,0.0,(cid:66)(cid:66)(cid:66)(cid:66)(cid:66)(cid:66)(cid:66)(cid:66)(cid:66)(cid:66)(cid:66)(cid:66)(cid:66)(cid:66)(cid:66)(cid:66)(cid:66)(cid:66)(cid:66)(cid:66)(cid:66)(cid:66)(cid:66)(cid:66)(cid:66)(cid:66)(cid:66)(cid:66)(cid:66)(cid:66)(cid:66)(cid:66)(cid:66)(cid:66)(cid:66)(cid:66)(cid:66)(cid:66)(cid:66)(cid:66)(cid:66)(cid:66)(cid:66)(cid:66)(cid:66)(cid:66)(cid:66)(cid:66)(cid:66)(cid:66)(cid:66)(cid:66)
11,amladd,Animal Owner Address,Tx,,,,False,,,False,1,188.905,239.036,508.233,261.036,188.905,239.036,508.233,261.036,1.0,0.0,0.0,(cid:66)(cid:66)(cid:66)(cid:66)(cid:66)(cid:66)(cid:66)(cid:66)(cid:66)(cid:66)(cid:66)(cid:66)(cid:66)(cid:66)(cid:66)(cid:66)(cid:66)(cid:66)(cid:66)(cid:66)(cid:66)(cid:66)(cid:66)(cid:66)(cid:66)(cid:66)(cid:66)(cid:66)(cid:66)(cid:66)(cid:66)(cid:66)(cid:66)(cid:66)(cid:66)(cid:66)(cid:66)(cid:66)(cid:66)(cid:66)(cid:66)(cid:66)(cid:66)(cid:66)(cid:66)(cid:66)(cid:66)(cid:66)(cid:66)(cid:66)(cid:66)(cid:66)(cid:66)(cid:66)(cid:66)(cid:66)(cid:66)
12,amlph,Animal Owner Phone,Tx,,,,False,,,False,1,144.181,215.857,261.949,237.857,144.181,215.857,261.949,237.857,1.0,0.0,0.0,(cid:66)(cid:66)(cid:66)(cid:66)(cid:66)(cid:66)(cid:66)(cid:66)(cid:66)(cid:66)(cid:66)(cid:66)(cid:66)(cid:66)(cid:66)(cid:66)(cid:66)(cid:66)(cid:66)(cid:66)(cid:66)
13,amleml,Animal Owner Email,Tx,,,,False,,,False,1,328.551,215.427,513.362,237.427,328.551,215.427,513.362,237.427,1.0,0.0,0.0,(cid:66)(cid:66)(cid:66)(cid:66)(cid:66)(cid:66)(cid:66)(cid:66)(cid:66)(cid:66)(cid:66)(cid:66)(cid:66)(cid:66)(cid:66)(cid:66)(cid:66)(cid:66)(cid:66)(cid:66)(cid:66)(cid:66)(cid:66)(cid:66)(cid:66)(cid:66)(cid:66)(cid:66)(cid:66)(cid:66)(cid:66)(cid:66)(cid:66)(cid:68)(cid:80)(cid:79)(cid:72)(cid:80)(cid:79)
14,weename,Interviewee Name,Tx,,,,False,,,False,1,200.149,186.964,508.304,208.964,200.149,186.964,508.304,208.964,1.0,0.0,0.0,(cid:66)(cid:66)(cid:66)(cid:66)(cid:66)(cid:66)(cid:66)(cid:66)(cid:66)(cid:66)(cid:66)(cid:66)(cid:66)(cid:66)(cid:66)(cid:66)(cid:66)(cid:66)(cid:66)(cid:66)(cid:66)(cid:66)(cid:66)(cid:66)(cid:66)(cid:66)(cid:66)(cid:66)(cid:66)(cid:66)(cid:66)(cid:66)(cid:66)(cid:66)(cid:66)(cid:66)(cid:66)(cid:66)(cid:66)(cid:66)(cid:66)(cid:66)(cid:66)(cid:66)(cid:66)(cid:66)(cid:66)(cid:66)(cid:66)(cid:66)(cid:66)(cid:66)(cid:66)(cid:66)(cid:66)(cid:90)(cid:72)(cid:72)(cid:81)(cid:68)(cid:80)(cid:72)
15,weepos,Interviewee Position,Tx,,,,False,,,False,1,356.253,164.087,508.402,186.087,356.253,164.087,508.402,186.087,1.0,0.0,0.0,(cid:66)(cid:66)(cid:66)(cid:66)(cid:66)(cid:66)(cid:66)(cid:66)(cid:66)(cid:66)(cid:66)(cid:66)(cid:66)(cid:66)(cid:66)(cid:66)(cid:66)(cid:66)(cid:66)(cid:66)(cid:66)(cid:66)(cid:66)(cid:66)(cid:66)(cid:66)(cid:66)
16,weeph,Interviewee Phone,Tx,,,,False,,,False,1,144.477,140.352,262.674,162.352,144.477,140.352,262.674,162.352,1.0,0.0,0.0,(cid:66)(cid:66)(cid:66)(cid:66)(cid:66)(cid:66)(cid:66)(cid:66)(cid:66)(cid:66)(cid:66)(cid:66)(cid:66)(cid:66)(cid:66)(cid:66)(cid:66)(cid:66)(cid:66)(cid:66)(cid:66)
17,weeeml,Interviewee Email,Tx,,,,False,,,False,1,326.367,140.683,513.757,162.683,326.367,140.683,513.757,162.683,1.0,0.0,0.0,(cid:66)(cid:66)(cid:66)(cid:66)(cid:66)(cid:66)(cid:66)(cid:66)(cid:66)(cid:66)(cid:66)(cid:66)(cid:66)(cid:66)(cid:66)(cid:66)(cid:66)(cid:66)(cid:66)(cid:66)(cid:66)(cid:66)(cid:66)(cid:66)(cid:66)(cid:66)(cid:66)(cid:66)(cid:66)(cid:66)(cid:66)(cid:66)(cid:66)(cid:90)(cid:72)(cid:72)(cid:72)(cid:80)(cid:79)
18,wername,Interviewer Name,Tx,,,,False,,,False,1,198.395,112.219,506.979,134.219,198.395,112.219,506.979,134.219,1.0,0.0,0.0,(cid:66)(cid:66)(cid:66)(cid:66)(cid:66)(cid:66)(cid:66)(cid:66)(cid:66)(cid:66)(cid:66)(cid:66)(cid:66)(cid:66)(cid:66)(cid:66)(cid:66)(cid:66)(cid:66)(cid:66)(cid:66)(cid:66)(cid:66)(cid:66)(cid:66)(cid:66)(cid:66)(cid:66)(cid:66)(cid:66)(cid:66)(cid:66)(cid:66)(cid:66)(cid:66)(cid:66)(cid:66)(cid:66)(cid:66)(cid:66)(cid:66)(cid:66)(cid:66)(cid:66)(cid:66)(cid:66)(cid:66)(cid:66)(cid:66)(cid:66)(cid:66)(cid:66)(cid:66)(cid:66)(cid:66)
19,werph,Interviewer Phone,Tx,,,,False,,,False,1,144.343,88.4837,266.838,110.484,144.343,88.4837,266.838,110.484,1.0,0.0,0.0,(cid:66)(cid:66)(cid:66)(cid:66)(cid:66)(cid:66)(cid:66)(cid:66)(cid:66)(cid:66)(cid:66)(cid:66)(cid:66)(cid:66)(cid:66)(cid:66)(cid:66)(cid:66)(cid:66)(cid:66)(cid:66)(cid:66)(cid:90)(cid:72)(cid:85)(cid:83)(cid:75)
20,wereml,Interviewer Email,Tx,,,,False,,,False,1,328.812,88.3851,513.193,110.385,328.812,88.3851,513.193,110.385,1.0,0.0,0.0,(cid:66)(cid:66)(cid:66)(cid:66)(cid:66)(cid:66)(cid:66)(cid:66)(cid:66)(cid:66)(cid:66)(cid:66)(cid:66)(cid:66)(cid:66)(cid:66)(cid:66)(cid:66)(cid:66)(cid:66)(cid:66)(cid:66)(cid:66)(cid:66)(cid:66)(cid:66)(cid:66)(cid:66)(cid:66)(cid:66)(cid:66)(cid:66)(cid:66)
21,p0001,Todays Date,Tx,,,,False,,,False,2,420.742,628.607,520.029,648.458,420.742,628.607,520.029,648.458,1.0,0.0,0.0,(cid:66)(cid:66)(cid:66)(cid:66)(cid:66)(cid:66)(cid:66)(cid:66)(cid:66)(cid:66)(cid:66)(cid:66)(cid:66)(cid:66)(cid:66)(cid:66)(cid:66)(cid:83)(cid:19)(cid:19)(cid:19)(cid:20)(cid:3)
22,p0002,Date Clinical Signs First Observed,Tx,,,,False,,,False,2,420.521,610.812,519.809,629.804,420.521,610.812,519.809,629.804,1.0,0.0,0.0,(cid:66)(cid:66)(cid:66)(cid:66)(cid:66)(cid:66)(cid:66)(cid:66)(cid:66)(cid:66)(cid:66)(cid:66)(cid:66)(cid:66)(cid:66)(cid:66)(cid:66)(cid:83)(cid:19)(cid:19)(cid:19)(cid:21)(cid:3)
23,p0003,28-Days Prior,Tx,,,,False,,,False,2,420.091,593.407,519.379,612.398,420.091,593.407,519.379,612.398,1.0,0.0,0.0,(cid:17)(cid:3)(cid:66)(cid:66)(cid:66)(cid:66)(cid:66)(cid:66)(cid:66)(cid:66)(cid:66)(cid:66)(cid:66)(cid:66)(cid:66)(cid:66)(cid:66)(cid:66)(cid:66)(cid:83)(cid:19)(cid:19)(cid:19)(cid:22)
24,p0004,Description of Clinical Signs,Tx,,,,False,,,False,2,91.4185,527.124,536.668,544.396,91.4185,527.124,536.668,544.396,1.0,0.0,0.0,(cid:66)(cid:66)(cid:66)(cid:66)(cid:66)(cid:66)(cid:66)(cid:66)(cid:66)(cid:66)(cid:66)(cid:66)(cid:66)(cid:66)(cid:66)(cid:66)(cid:66)(cid:66)(cid:66)(cid:66)(cid:66)(cid:66)(cid:66)(cid:66)(cid:66)(cid:66)(cid:66)(cid:66)(cid:66)(cid:66)(cid:66)(cid:66)(cid:66)(cid:66)(cid:66)(cid:66)(cid:66)(cid:66)(cid:66)(cid:66)(cid:66)(cid:66)(cid:66)(cid:66)(cid:66)(cid:66)(cid:66)(cid:66)(cid:66)(cid:66)(cid:66)(cid:66)(cid:66)(cid:66)(cid:66)(cid:66)(cid:66)(cid:66)(cid:66)(cid:66)(cid:66)(cid:66)(cid:66)(cid:66)(cid:66)(cid:66)(cid:66)(cid:66)(cid:66)(cid:66)(cid:66)(cid:66)(cid:66)(cid:66)(cid:66)(cid:66)(cid:66)(cid:66)(cid:66)
25,p0005,Baseline Mortality Rate,Tx,,,,False,,,False,2,452.521,496.082,531.18,515.074,452.521,496.082,531.18,515.074,1.0,0.0,0.0,
26,p0006,Initial Sampling Mortality Rate,Tx,,,,False,,,False,2,452.754,477.8,531.412,496.791,452.754,477.8,531.412,496.791,1.0,0.0,0.0,
27,p0007a,Date,Tx,,,,False,,,False,2,106.89,409.368,195.863,428.36,106.89,409.368,195.863,428.36,1.0,0.0,0.0,(cid:66)(cid:66)(cid:66)(cid:66)(cid:66)(cid:66)(cid:66)(cid:66)(cid:66)(cid:66)(cid:66)(cid:66)(cid:66)(cid:66)(cid:66)(cid:66)(cid:83)(cid:19)(cid:19)(cid:19)(cid:26)(cid:68)
28,p0008a,Date,Tx,,,,False,,,False,2,107.221,393.136,196.194,412.127,107.221,393.136,196.194,412.127,1.0,0.0,0.0,(cid:66)(cid:66)(cid:66)(cid:66)(cid:66)(cid:66)(cid:66)(cid:66)(cid:66)(cid:66)(cid:66)(cid:66)(cid:66)(cid:66)(cid:66)(cid:66)(cid:83)(cid:19)(cid:19)(cid:19)(cid:27)(cid:68)
29,p0009a,Date,Tx,,,,False,,,False,2,107.32,375.846,196.293,394.838,107.32,375.846,196.293,394.838,1.0,0.0,0.0,(cid:66)(cid:66)(cid:66)(cid:66)(cid:66)(cid:66)(cid:66)(cid:66)(cid:66)(cid:66)(cid:66)(cid:66)(cid:66)(cid:66)(cid:66)(cid:66)(cid:83)(cid:19)(cid:19)(cid:19)(cid:28)(cid:68)
30,p0007b,Results,Tx,,,,False,,,False,2,250.531,409.269,351.108,428.261,250.531,409.269,351.108,428.261,1.0,0.0,0.0,(cid:66)(cid:66)(cid:66)(cid:66)(cid:66)(cid:66)(cid:66)(cid:66)(cid:66)(cid:66)(cid:66)(cid:66)(cid:66)(cid:66)(cid:66)(cid:66)(cid:66)(cid:66)(cid:83)(cid:19)(cid:19)(cid:19)(cid:26)(cid:69)
31,p0008b,Results,Tx,,,,False,,,False,2,250.548,391.846,351.125,410.838,250.548,391.846,351.125,410.838,1.0,0.0,0.0,(cid:66)(cid:66)(cid:66)(cid:66)(cid:66)(cid:66)(cid:66)(cid:66)(cid:66)(cid:66)(cid:66)(cid:66)(cid:66)(cid:66)(cid:66)(cid:66)(cid:66)(cid:66)(cid:83)(cid:19)(cid:19)(cid:19)(cid:27)(cid:69)
32,p0009b,Results,Tx,,,,False,,,False,2,250.647,374.557,351.224,393.549,250.647,374.557,351.224,393.549,1.0,0.0,0.0,(cid:66)(cid:66)(cid:66)(cid:66)(cid:66)(cid:66)(cid:66)(cid:66)(cid:66)(cid:66)(cid:66)(cid:66)(cid:66)(cid:66)(cid:66)(cid:66)(cid:66)(cid:66)(cid:83)(cid:19)(cid:19)(cid:19)(cid:28)(cid:69)
33,p0007c,Test Type,Tx,,,,False,,,False,2,394.718,410.129,512.915,429.121,394.718,410.129,512.915,429.121,1.0,0.0,0.0,(cid:66)(cid:66)(cid:66)(cid:66)(cid:66)(cid:66)(cid:66)(cid:66)(cid:66)(cid:66)(cid:66)(cid:66)(cid:66)(cid:66)(cid:66)(cid:66)(cid:66)(cid:66)(cid:66)(cid:66)(cid:66)(cid:83)(cid:19)(cid:19)(cid:19)(cid:26)(cid:70)
34,p0008c,Test Type,Tx,,,,False,,,False,2,395.165,391.846,513.362,410.838,395.165,391.846,513.362,410.838,1.0,0.0,0.0,(cid:66)(cid:66)(cid:66)(cid:66)(cid:66)(cid:66)(cid:66)(cid:66)(cid:66)(cid:66)(cid:66)(cid:66)(cid:66)(cid:66)(cid:66)(cid:66)(cid:66)(cid:66)(cid:66)(cid:66)(cid:66)(cid:83)(cid:19)(cid:19)(cid:19)(cid:27)(cid:70)
35,p0009c,Test Type,Tx,,,,False,,,False,2,394.834,374.127,513.031,393.119,394.834,374.127,513.031,393.119,1.0,0.0,0.0,(cid:66)(cid:66)(cid:66)(cid:66)(cid:66)(cid:66)(cid:66)(cid:66)(cid:66)(cid:66)(cid:66)(cid:66)(cid:66)(cid:66)(cid:66)(cid:66)(cid:66)(cid:66)(cid:66)(cid:66)(cid:66)(cid:83)(cid:19)(cid:19)(cid:19)(cid:28)(cid:70)
36,p00010a,House ID,Tx,,,,False,,,False,2,55.8464,294.092,109.149,311.364,55.8464,294.092,109.149,311.364,1.0,0.0,0.0,(cid:66)(cid:66)(cid:66)(cid:66)(cid:66)(cid:66)(cid:66)(cid:66)
37,p00011a,House ID,Tx,,,,False,,,False,2,55.4342,267.214,108.737,284.486,55.4342,267.214,108.737,284.486,1.0,0.0,0.0,(cid:66)(cid:66)(cid:66)(cid:66)(cid:66)(cid:66)(cid:66)(cid:66)
38,p00012a,House ID,Tx,,,,False,,,False,2,55.9627,240.899,109.265,258.172,55.9627,240.899,109.265,258.172,1.0,0.0,0.0,(cid:66)(cid:66)(cid:66)(cid:66)(cid:66)(cid:66)(cid:66)(cid:66)
39,p00013a,House ID,Tx,,,,False,,,False,2,55.6315,214.155,108.934,231.428,55.6315,214.155,108.934,231.428,1.0,0.0,0.0,(cid:66)(cid:66)(cid:66)(cid:66)(cid:66)(cid:66)(cid:66)(cid:66)
40,p00014a,House ID,Tx,,,,False,,,False,2,55.3004,189.13,108.603,206.403,55.3004,189.13,108.603,206.403,1.0,0.0,0.0,(cid:66)(cid:66)(cid:66)(cid:66)(cid:66)(cid:66)(cid:66)(cid:66)
41,p00015a,House ID,Tx,,,,False,,,False,2,54.9692,162.816,108.272,180.088,54.9692,162.816,108.272,180.088,1.0,0.0,0.0,(cid:66)(cid:66)(cid:66)(cid:66)(cid:66)(cid:66)(cid:66)(cid:66)
42,p00016a,House ID,Tx,,,,False,,,False,2,55.4976,136.501,108.8,153.774,55.4976,136.501,108.8,153.774,1.0,0.0,0.0,(cid:66)(cid:66)(cid:66)(cid:66)(cid:66)(cid:66)(cid:66)(cid:66)
43,p00010b,Type of Birds,Tx,,,,False,,,False,2,113.185,292.838,171.645,310.11,113.185,292.838,171.645,310.11,1.0,0.0,0.0,(cid:66)(cid:66)(cid:66)(cid:66)(cid:66)(cid:66)(cid:66)(cid:66)(cid:66)
44,p00011b,Type of Birds,Tx,,,,False,,,False,2,113.023,266.784,171.483,284.057,113.023,266.784,171.483,284.057,1.0,0.0,0.0,(cid:66)(cid:66)(cid:66)(cid:66)(cid:66)(cid:66)(cid:66)(cid:66)(cid:66)
45,p00012b,Type of Birds,Tx,,,,False,,,False,2,113.122,240.47,171.581,257.742,113.122,240.47,171.581,257.742,1.0,0.0,0.0,(cid:66)(cid:66)(cid:66)(cid:66)(cid:66)(cid:66)(cid:66)(cid:66)(cid:66)
46,p00013b,Type of Birds,Tx,,,,False,,,False,2,113.22,215.015,171.68,232.287,113.22,215.015,171.68,232.287,1.0,0.0,0.0,(cid:66)(cid:66)(cid:66)(cid:66)(cid:66)(cid:66)(cid:66)(cid:66)(cid:66)
47,p00014b,Type of Birds,Tx,,,,False,,,False,2,112.889,188.271,171.349,205.543,112.889,188.271,171.349,205.543,1.0,0.0,0.0,(cid:66)(cid:66)(cid:66)(cid:66)(cid:66)(cid:66)(cid:66)(cid:66)(cid:66)
48,p00015b,Type of Birds,Tx,,,,False,,,False,2,112.988,162.816,171.447,180.088,112.988,162.816,171.447,180.088,1.0,0.0,0.0,(cid:66)(cid:66)(cid:66)(cid:66)(cid:66)(cid:66)(cid:66)(cid:66)(cid:66)
49,p00016b,Type of Birds,Tx,,,,False,,,False,2,112.657,136.501,171.116,153.774,112.657,136.501,171.116,153.774,1.0,0.0,0.0,(cid:66)(cid:66)(cid:66)(cid:66)(cid:66)(cid:66)(cid:66)(cid:66)(cid:66)
50,p00010c,Number of Birds Today,Tx,,,,False,,,False,2,177.22,293.268,219.779,310.11,177.22,293.268,219.779,310.11,1.0,0.0,0.0,(cid:66)(cid:66)(cid:66)(cid:66)(cid:66)(cid:66)(cid:66)
51,p00011c,Number of Birds Today,Tx,,,,False,,,False,2,177.273,266.999,219.831,283.842,177.273,266.999,219.831,283.842,1.0,0.0,0.0,(cid:66)(cid:66)(cid:66)(cid:66)(cid:66)(cid:66)(cid:66)
52,p00012c,Number of Birds Today,Tx,,,,False,,,False,2,176.512,240.685,219.071,257.527,176.512,240.685,219.071,257.527,1.0,0.0,0.0,(cid:66)(cid:66)(cid:66)(cid:66)(cid:66)(cid:66)(cid:66)
53,p00013c,Number of Birds Today,Tx,,,,False,,,False,2,177.041,214.37,219.599,231.213,177.041,214.37,219.599,231.213,1.0,0.0,0.0,(cid:66)(cid:66)(cid:66)(cid:66)(cid:66)(cid:66)(cid:66)
54,p00014c,Number of Birds Today,Tx,,,,False,,,False,2,176.71,188.485,219.268,205.328,176.71,188.485,219.268,205.328,1.0,0.0,0.0,(cid:66)(cid:66)(cid:66)(cid:66)(cid:66)(cid:66)(cid:66)
55,p00015c,Number of Birds Today,Tx,,,,False,,,False,2,177.668,163.031,220.226,179.873,177.668,163.031,220.226,179.873,1.0,0.0,0.0,(cid:66)(cid:66)(cid:66)(cid:66)(cid:66)(cid:66)(cid:66)
56,p00016c,Number of Birds Today,Tx,,,,False,,,False,2,177.336,136.716,219.895,153.559,177.336,136.716,219.895,153.559,1.0,0.0,0.0,(cid:66)(cid:66)(cid:66)(cid:66)(cid:66)(cid:66)(cid:66)
57,p00010d,Number of Birds Placed,Tx,,,,False,,,False,2,226.429,293.482,268.987,310.325,226.429,293.482,268.987,310.325,1.0,0.0,0.0,(cid:66)(cid:66)(cid:66)(cid:66)(cid:66)(cid:66)
58,p00011d,Number of Birds Placed,Tx,,,,False,,,False,2,225.837,266.999,268.395,283.842,225.837,266.999,268.395,283.842,1.0,0.0,0.0,(cid:66)(cid:66)(cid:66)(cid:66)(cid:66)(cid:66)
59,p00012d,Number of Birds Placed,Tx,,,,False,,,False,2,225.935,241.114,268.494,257.957,225.935,241.114,268.494,257.957,1.0,0.0,0.0,(cid:66)(cid:66)(cid:66)(cid:66)(cid:66)(cid:66)
60,p00013d,Number of Birds Placed,Tx,,,,False,,,False,2,226.464,214.37,269.022,231.213,226.464,214.37,269.022,231.213,1.0,0.0,0.0,(cid:66)(cid:66)(cid:66)(cid:66)(cid:66)(cid:66)
61,p00014d,Number of Birds Placed,Tx,,,,False,,,False,2,227.422,188.486,269.98,205.328,227.422,188.486,269.98,205.328,1.0,0.0,0.0,(cid:66)(cid:66)(cid:66)(cid:66)(cid:66)(cid:66)
62,p00015d,Number of Birds Placed,Tx,,,,False,,,False,2,226.231,162.601,268.79,179.444,226.231,162.601,268.79,179.444,1.0,0.0,0.0,(cid:66)(cid:66)(cid:66)(cid:66)(cid:66)(cid:66)
63,p00016d,Number of Birds Placed,Tx,,,,False,,,False,2,226.76,136.716,269.318,153.559,226.76,136.716,269.318,153.559,1.0,0.0,0.0,(cid:66)(cid:66)(cid:66)(cid:66)(cid:66)(cid:66)
64,p00010e,Age of Birds (in weeks),Tx,,,,False,,,False,2,274.562,293.053,312.393,309.895,274.562,293.053,312.393,309.895,1.0,0.0,0.0,(cid:66)(cid:66)(cid:66)(cid:66)(cid:66)
65,p00011e,Age of Birds (in weeks),Tx,,,,False,,,False,2,274.186,266.999,312.016,283.842,274.186,266.999,312.016,283.842,1.0,0.0,0.0,(cid:66)(cid:66)(cid:66)(cid:66)(cid:66)
66,p00012e,Age of Birds (in weeks),Tx,,,,False,,,False,2,275.144,241.114,312.975,257.957,275.144,241.114,312.975,257.957,1.0,0.0,0.0,(cid:66)(cid:66)(cid:66)(cid:66)(cid:66)
67,p00013e,Age of Birds (in weeks),Tx,,,,False,,,False,2,275.242,214.37,313.073,231.213,275.242,214.37,313.073,231.213,1.0,0.0,0.0,(cid:66)(cid:66)(cid:66)(cid:66)(cid:66)
68,p00014e,Age of Birds (in weeks),Tx,,,,False,,,False,2,274.052,188.056,311.883,204.898,274.052,188.056,311.883,204.898,1.0,0.0,0.0,(cid:66)(cid:66)(cid:66)(cid:66)(cid:66)
69,p00015e,Age of Birds (in weeks),Tx,,,,False,,,False,2,274.58,162.601,312.411,179.444,274.58,162.601,312.411,179.444,1.0,0.0,0.0,(cid:66)(cid:66)(cid:66)(cid:66)(cid:66)
70,p00016e,Age of Birds (in weeks),Tx,,,,False,,,False,2,275.108,136.286,312.939,153.129,275.108,136.286,312.939,153.129,1.0,0.0,0.0,(cid:66)(cid:66)(cid:66)(cid:66)(cid:66)
71,p00010f,Ventilation Type,Tx,,,,False,,,False,2,317.324,293.053,383.09,309.895,317.324,293.053,383.09,309.895,1.0,0.0,0.0,(cid:66)(cid:66)(cid:66)(cid:66)(cid:66)(cid:66)(cid:66)(cid:66)(cid:66)(cid:66)(cid:66)
72,p00011f,Ventilation Type,Tx,,,,False,,,False,2,317.377,266.999,383.143,283.842,317.377,266.999,383.143,283.842,1.0,0.0,0.0,(cid:66)(cid:66)(cid:66)(cid:66)(cid:66)(cid:66)(cid:66)(cid:66)(cid:66)(cid:66)(cid:66)
73,p00012f,Ventilation Type,Tx,,,,False,,,False,2,317.046,241.114,382.812,257.957,317.046,241.114,382.812,257.957,1.0,0.0,0.0,(cid:66)(cid:66)(cid:66)(cid:66)(cid:66)(cid:66)(cid:66)(cid:66)(cid:66)(cid:66)(cid:66)
74,p00013f,Ventilation Type,Tx,,,,False,,,False,2,315.855,215.23,381.621,232.072,315.855,215.23,381.621,232.072,1.0,0.0,0.0,(cid:66)(cid:66)(cid:66)(cid:66)(cid:66)(cid:66)(cid:66)(cid:66)(cid:66)(cid:66)(cid:66)
75,p00014f,Ventilation Type,Tx,,,,False,,,False,2,316.813,188.915,382.579,205.758,316.813,188.915,382.579,205.758,1.0,0.0,0.0,(cid:66)(cid:66)(cid:66)(cid:66)(cid:66)(cid:66)(cid:66)(cid:66)(cid:66)(cid:66)(cid:66)
76,p00015f,Ventilation Type,Tx,,,,False,,,False,2,316.912,162.601,382.678,179.444,316.912,162.601,382.678,179.444,1.0,0.0,0.0,(cid:66)(cid:66)(cid:66)(cid:66)(cid:66)(cid:66)(cid:66)(cid:66)(cid:66)(cid:66)(cid:66)
77,p00016f,Ventilation Type,Tx,,,,False,,,False,2,317.011,136.286,382.776,153.129,317.011,136.286,382.776,153.129,1.0,0.0,0.0,(cid:66)(cid:66)(cid:66)(cid:66)(cid:66)(cid:66)(cid:66)(cid:66)(cid:66)(cid:66)(cid:66)
78,p00010g,Date of Onset of Clinical Signs,Tx,,,,False,,,False,2,389.74,292.623,455.506,309.466,389.74,292.623,455.506,309.466,1.0,0.0,0.0,(cid:66)(cid:66)(cid:66)(cid:66)(cid:66)(cid:66)(cid:66)(cid:66)(cid:66)(cid:66)(cid:66)
79,p00011g,Date of Onset of Clinical Signs,Tx,,,,False,,,False,2,390.867,266.999,456.633,283.842,390.867,266.999,456.633,283.842,1.0,0.0,0.0,(cid:66)(cid:66)(cid:66)(cid:66)(cid:66)(cid:66)(cid:66)(cid:66)(cid:66)(cid:66)(cid:66)
80,p00012g,Date of Onset of Clinical Signs,Tx,,,,False,,,False,2,389.677,241.114,455.442,257.957,389.677,241.114,455.442,257.957,1.0,0.0,0.0,(cid:66)(cid:66)(cid:66)(cid:66)(cid:66)(cid:66)(cid:66)(cid:66)(cid:66)(cid:66)(cid:66)
81,p00013g,Date of Onset of Clinical Signs,Tx,,,,False,,,False,2,389.775,214.37,455.541,231.213,389.775,214.37,455.541,231.213,1.0,0.0,0.0,(cid:66)(cid:66)(cid:66)(cid:66)(cid:66)(cid:66)(cid:66)(cid:66)(cid:66)(cid:66)(cid:66)
82,p00014g,Date of Onset of Clinical Signs,Tx,,,,False,,,False,2,390.733,188.056,456.499,204.898,390.733,188.056,456.499,204.898,1.0,0.0,0.0,(cid:66)(cid:66)(cid:66)(cid:66)(cid:66)(cid:66)(cid:66)(cid:66)(cid:66)(cid:66)(cid:66)
83,p00015g,Date of Onset of Clinical Signs,Tx,,,,False,,,False,2,390.402,163.46,456.168,180.303,390.402,163.46,456.168,180.303,1.0,0.0,0.0,(cid:66)(cid:66)(cid:66)(cid:66)(cid:66)(cid:66)(cid:66)(cid:66)(cid:66)(cid:66)(cid:66)
84,p00016g,Date of Onset of Clinical Signs,Tx,,,,False,,,False,2,390.501,136.716,456.267,153.559,390.501,136.716,456.267,153.559,1.0,0.0,0.0,(cid:66)(cid:66)(cid:66)(cid:66)(cid:66)(cid:66)(cid:66)(cid:66)(cid:66)(cid:66)(cid:66)
85,p00010h,Location in House Where Clinical Signs Observed,Tx,,,,False,,,False,2,464.519,291.763,562.088,309.466,464.519,291.763,562.088,309.466,1.0,0.0,0.0,(cid:66)(cid:66)(cid:66)(cid:66)(cid:66)(cid:66)(cid:66)(cid:66)(cid:66)(cid:66)(cid:66)(cid:66)(cid:66)(cid:66)(cid:66)(cid:66)(cid:66)
86,p00011h,Location in House Where Clinical Signs Observed,Tx,,,,False,,,False,2,464.787,266.569,562.356,284.271,464.787,266.569,562.356,284.271,1.0,0.0,0.0,(cid:66)(cid:66)(cid:66)(cid:66)(cid:66)(cid:66)(cid:66)(cid:66)(cid:66)(cid:66)(cid:66)(cid:66)(cid:66)(cid:66)(cid:66)(cid:66)(cid:66)
87,p00012h,Location in House Where Clinical Signs Observed,Tx,,,,False,,,False,2,465.316,241.114,562.884,258.817,465.316,241.114,562.884,258.817,1.0,0.0,0.0,(cid:66)(cid:66)(cid:66)(cid:66)(cid:66)(cid:66)(cid:66)(cid:66)(cid:66)(cid:66)(cid:66)(cid:66)(cid:66)(cid:66)(cid:66)(cid:66)(cid:66)
88,p00013h,Location in House Where Clinical Signs Observed,Tx,,,,False,,,False,2,464.555,214.37,562.123,232.072,464.555,214.37,562.123,232.072,1.0,0.0,0.0,(cid:66)(cid:66)(cid:66)(cid:66)(cid:66)(cid:66)(cid:66)(cid:66)(cid:66)(cid:66)(cid:66)(cid:66)(cid:66)(cid:66)(cid:66)(cid:66)(cid:66)
89,p00014h,Location in House Where Clinical Signs Observed,Tx,,,,False,,,False,2,465.083,188.485,562.651,206.188,465.083,188.485,562.651,206.188,1.0,0.0,0.0,(cid:66)(cid:66)(cid:66)(cid:66)(cid:66)(cid:66)(cid:66)(cid:66)(cid:66)(cid:66)(cid:66)(cid:66)(cid:66)(cid:66)(cid:66)(cid:66)(cid:66)
90,p00015h,Location in House Where Clinical Signs Observed,Tx,,,,False,,,False,2,465.182,162.601,562.75,180.303,465.182,162.601,562.75,180.303,1.0,0.0,0.0,(cid:66)(cid:66)(cid:66)(cid:66)(cid:66)(cid:66)(cid:66)(cid:66)(cid:66)(cid:66)(cid:66)(cid:66)(cid:66)(cid:66)(cid:66)(cid:66)(cid:66)
91,p00016h,Location in House Where Clinical Signs Observed,Tx,,,,False,,,False,2,464.85,136.716,562.419,154.419,464.85,136.716,562.419,154.419,1.0,0.0,0.0,(cid:66)(cid:66)(cid:66)(cid:66)(cid:66)(cid:66)(cid:66)(cid:66)(cid:66)(cid:66)(cid:66)(cid:66)(cid:66)(cid:66)(cid:66)(cid:66)(cid:66)
92,p00017,Total Eggs Present,Tx,,,,False,,,False,2,453.345,100.087,513.954,117.79,453.345,100.087,513.954,117.79,1.0,0.0,0.0,(cid:17)(cid:17)(cid:17)(cid:17)(cid:17)(cid:83)(cid:19)(cid:19)(cid:20)(cid:26)(cid:66)(cid:66)(cid:66)(cid:66)(cid:66)(cid:66)(cid:66)(cid:66)(cid:66)(cid:66)(cid:66)(cid:71)(cid:82)(cid:93)(cid:72)(cid:81)
93,p00018,Eggs Laid in Last Week,Tx,,,,False,,,False,2,453.183,82.629,513.792,100.331,453.183,82.629,513.792,100.331,1.0,0.0,0.0,(cid:17)(cid:17)(cid:17)(cid:17)(cid:17)(cid:17)(cid:17)(cid:17)(cid:17)(cid:17)(cid:17)(cid:17)(cid:17)(cid:17)(cid:17)(cid:17)(cid:17)(cid:17)(cid:83)(cid:19)(cid:19)(cid:20)(cid:27)(cid:66)(cid:66)(cid:66)(cid:66)(cid:66)(cid:66)(cid:66)(cid:66)(cid:66)(cid:66)(cid:66)(cid:71)(cid:82)(cid:93)(cid:72)(cid:81)
94,p00020a,Name of Veterinarian,Tx,,,,False,,,False,3,261.24,668.239,534.583,685.942,261.24,668.239,534.583,685.942,1.0,0.0,0.0,(cid:66)(cid:66)(cid:66)(cid:66)(cid:66)(cid:66)(cid:66)(cid:66)(cid:66)(cid:66)(cid:66)(cid:66)(cid:66)(cid:66)(cid:66)(cid:66)(cid:66)(cid:66)(cid:66)(cid:66)(cid:66)(cid:66)(cid:66)(cid:66)(cid:66)(cid:66)(cid:66)(cid:66)(cid:66)(cid:66)(cid:66)(cid:66)(cid:66)(cid:66)(cid:66)(cid:66)(cid:66)(cid:66)(cid:66)(cid:66)(cid:66)(cid:66)(cid:66)(cid:66)(cid:66)(cid:66)(cid:66)(cid:66)(cid:66)
95,p00021a,Depopulation Method,Tx,,,,False,,,False,3,107.866,613.391,540.652,632.382,107.866,613.391,540.652,632.382,1.0,0.0,0.0,(cid:66)(cid:66)(cid:66)(cid:66)(cid:66)(cid:66)(cid:66)(cid:66)(cid:66)(cid:66)(cid:66)(cid:66)(cid:66)(cid:66)(cid:66)(cid:66)(cid:66)(cid:66)(cid:66)(cid:66)(cid:66)(cid:66)(cid:66)(cid:66)(cid:66)(cid:66)(cid:66)(cid:66)(cid:66)(cid:66)(cid:66)(cid:66)(cid:66)(cid:66)(cid:66)(cid:66)(cid:66)(cid:66)(cid:66)(cid:66)(cid:66)(cid:66)(cid:66)(cid:66)(cid:66)(cid:66)(cid:66)(cid:66)(cid:66)(cid:66)(cid:66)(cid:66)(cid:66)(cid:66)(cid:66)(cid:66)(cid:66)(cid:66)(cid:66)(cid:66)(cid:66)(cid:66)(cid:66)(cid:66)(cid:66)(cid:66)(cid:66)(cid:66)(cid:66)(cid:66)(cid:66)(cid:66)(cid:66)(cid:66)(cid:66)(cid:66)
96,p0019,Eggs for Research,Btn,49152,,,False,1|3,,False,3,465.437,708.675,520.133,719.799,465.437,708.675,520.133,719.799,1.0,0.0,0.0,(cid:134) (cid:134) (cid:60)(cid:72)(cid:86) (cid:20)
97,p0020,Do You Have Veterinarian,Btn,49152,,,False,3|1,,False,3,465.646,688.018,520.342,699.142,465.646,688.018,520.342,699.142,1.0,0.0,0.0,(cid:134) (cid:134) (cid:60)(cid:72)(cid:86) (cid:20)
98,p0021,Depopulation Plan,Btn,49152,,,False,1|3,,False,3,465.646,650.913,520.342,662.036,465.646,650.913,520.342,662.036,1.0,0.0,0.0,(cid:134) (cid:134) (cid:60)(cid:72)(cid:86) (cid:20)
99,p0022,Excercised or Used This Method,Btn,49152,,,False,1|3,,False,3,465.646,596.913,520.342,608.036,465.646,596.913,520.342,608.036,1.0,0.0,0.0,(cid:134) (cid:134) (cid:60)(cid:72)(cid:86) (cid:20)
100,p0100na,Composting NA,Btn,,,,False,Off|Yes,,False,3,514.787,478.75,527.201,490.304,514.787,478.75,527.201,490.304,1.0,0.0,0.0,
101,p0100off,Composting Off-site,Btn,,,,False,Off|Yes,,False,3,456.787,478.75,469.201,490.304,456.787,478.75,469.201,490.304,1.0,0.0,0.0,(cid:134)
102,p0100on,Composting On-site,Btn,,,,False,Off|Yes,,False,3,187.378,478.75,199.791,490.304,187.378,478.75,199.791,490.304,1.0,0.0,0.0,(cid:134) (cid:20)
103,p0100oth,Distance to Nearest Barn,Tx,,,,False,,,False,3,353.692,475.866,393.242,493.568,353.692,475.866,393.242,493.568,1.0,0.0,0.0,
104,p0100a,Dates Composted,Tx,,,,False,,,False,3,391.181,457.717,496.485,475.419,391.181,457.717,496.485,475.419,1.0,0.0,0.0,
105,p0100b,Company Name and Location,Tx,,,,False,,,False,3,406.867,440.956,536.668,459.088,406.867,440.956,536.668,459.088,1.0,0.0,0.0,
106,p0100c,Transporter Company Name,Tx,,,,False,,,False,3,289.326,423.98,537.313,442.112,289.326,423.98,537.313,442.112,1.0,0.0,0.0,(cid:66)(cid:66)(cid:66)(cid:66)(cid:66)(cid:66)(cid:66)(cid:66)(cid:66)(cid:66)(cid:66)(cid:66)(cid:66)(cid:66)(cid:66)(cid:66)(cid:66)(cid:66)(cid:66)(cid:66)(cid:66)(cid:66)(cid:66)(cid:66)(cid:66)(cid:66)(cid:66)(cid:66)(cid:66)(cid:66)(cid:66)(cid:66)(cid:66)(cid:66)(cid:66)(cid:66)(cid:66)(cid:66)(cid:66)(cid:66)(cid:66)(cid:66)(cid:66)(cid:66)
107,p0101on,Burial On-site,Btn,,,,False,,,False,3,187.083,406.512,199.496,418.066,187.083,406.512,199.496,418.066,1.0,0.0,0.0,(cid:134)
108,p0102on,Incineration On-site,Btn,,,,False,Off|Yes,,False,3,186.787,335.48,199.201,347.033,186.787,335.48,199.201,347.033,1.0,0.0,0.0,(cid:134)
109,p0101oth,Distance to Nearest Barn,Tx,,,,False,,,False,3,354.122,404.954,393.672,422.656,354.122,404.954,393.672,422.656,1.0,0.0,0.0,
110,p0102oth,Distance to Nearest Barn,Tx,,,,False,,,False,3,353.219,333.405,392.769,351.108,353.219,333.405,392.769,351.108,1.0,0.0,0.0,
111,p0101off,Burial Off-site,Btn,,,,False,,,False,3,456.492,406.512,468.905,418.066,456.492,406.512,468.905,418.066,1.0,0.0,0.0,(cid:134)
112,p0101na,Burial NA,Btn,,,,False,,,False,3,515.492,406.512,527.905,418.066,515.492,406.512,527.905,418.066,1.0,0.0,0.0,
113,p0101a,Dates Buried,Tx,,,,False,,,False,3,367.66,386.904,496.171,404.606,367.66,386.904,496.171,404.606,1.0,0.0,0.0,
114,p0101b,Company Name and Location,Tx,,,,False,,,False,3,384.636,369.069,533.776,387.201,384.636,369.069,533.776,387.201,1.0,0.0,0.0,(cid:66)(cid:66)(cid:66)(cid:66)(cid:66)(cid:66)(cid:66)(cid:66)(cid:66)(cid:66)(cid:66)(cid:66)(cid:66)(cid:66)(cid:66)(cid:66)(cid:66)(cid:66)(cid:66)(cid:66)(cid:66)(cid:66)(cid:66)(cid:66)(cid:66)(cid:66)(cid:66)
115,p0101c,Transporter Company Name,Tx,,,,False,,,False,3,289.442,352.308,537.429,370.44,289.442,352.308,537.429,370.44,1.0,0.0,0.0,(cid:66)(cid:66)(cid:66)(cid:66)(cid:66)(cid:66)(cid:66)(cid:66)(cid:66)(cid:66)(cid:66)(cid:66)(cid:66)(cid:66)(cid:66)(cid:66)(cid:66)(cid:66)(cid:66)(cid:66)(cid:66)(cid:66)(cid:66)(cid:66)(cid:66)(cid:66)(cid:66)(cid:66)(cid:66)(cid:66)(cid:66)(cid:66)(cid:66)(cid:66)(cid:66)(cid:66)(cid:66)(cid:66)(cid:66)(cid:66)(cid:66)(cid:66)(cid:66)(cid:66)
116,p0102off,Incineration Off-site,Btn,,,,False,,,False,3,456.787,335.48,469.201,347.033,456.787,335.48,469.201,347.033,1.0,0.0,0.0,(cid:134)
117,p0102na,Incineration NA,Btn,,,,False,,,False,3,514.787,335.48,527.201,347.033,514.787,335.48,527.201,347.033,1.0,0.0,0.0,
118,p0103na,Rendering NA,Btn,,,,False,,,False,3,245.787,262.593,258.201,274.147,245.787,262.593,258.201,274.147,1.0,0.0,0.0,
119,p0104na,Landfill NA,Btn,,,,False,Off|Yes,,False,3,245.787,190.593,258.201,202.147,245.787,190.593,258.201,202.147,1.0,0.0,0.0,
120,p0103off,Rendering Off-site,Btn,,,,False,,,False,3,186.787,262.593,199.201,274.147,186.787,262.593,199.201,274.147,1.0,0.0,0.0,(cid:134)
121,p0102a,Dates Incinerated,Tx,,,,False,,,False,3,391.297,315.133,499.61,332.835,391.297,315.133,499.61,332.835,1.0,0.0,0.0,
122,p0102b,Company Name and Location,Tx,,,,False,,,False,3,384.851,297.727,533.991,315.859,384.851,297.727,533.991,315.859,1.0,0.0,0.0,
123,p0102c,Transporter Company Name,Tx,,,,False,,,False,3,288.583,280.107,536.57,298.239,288.583,280.107,536.57,298.239,1.0,0.0,0.0,(cid:66)(cid:66)(cid:66)(cid:66)(cid:66)(cid:66)(cid:66)(cid:66)(cid:66)(cid:66)(cid:66)(cid:66)(cid:66)(cid:66)(cid:66)(cid:66)(cid:66)(cid:66)(cid:66)(cid:66)(cid:66)(cid:66)(cid:66)(cid:66)(cid:66)(cid:66)(cid:66)(cid:66)(cid:66)(cid:66)(cid:66)(cid:66)(cid:66)(cid:66)(cid:66)(cid:66)(cid:66)(cid:66)(cid:66)(cid:66)(cid:66)(cid:66)(cid:66)(cid:66)
124,p0103a,Dates Transported,Tx,,,,False,,,False,3,390.652,243.792,498.965,261.494,390.652,243.792,498.965,261.494,1.0,0.0,0.0,
125,p0104a,Dates Transported,Tx,,,,False,,,False,3,390.223,171.591,498.535,189.293,390.223,171.591,498.535,189.293,1.0,0.0,0.0,
126,p0103b,Company Name and Location,Tx,,,,False,,,False,3,334.138,225.526,535.71,243.659,334.138,225.526,535.71,243.659,1.0,0.0,0.0,
127,p0103c,Transporter Company Name,Tx,,,,False,,,False,3,288.583,207.906,536.57,226.038,288.583,207.906,536.57,226.038,1.0,0.0,0.0,(cid:66)(cid:66)(cid:66)(cid:66)(cid:66)(cid:66)(cid:66)(cid:66)(cid:66)(cid:66)(cid:66)(cid:66)(cid:66)(cid:66)(cid:66)(cid:66)(cid:66)(cid:66)(cid:66)(cid:66)(cid:66)(cid:66)(cid:66)(cid:66)(cid:66)(cid:66)(cid:66)(cid:66)(cid:66)(cid:66)(cid:66)(cid:66)(cid:66)(cid:66)(cid:66)(cid:66)(cid:66)(cid:66)(cid:66)(cid:66)(cid:66)(cid:66)(cid:66)(cid:66)
128,p0104c,Transporter Company Name,Tx,,,,False,,,False,3,288.583,136.994,536.57,155.127,288.583,136.994,536.57,155.127,1.0,0.0,0.0,(cid:66)(cid:66)(cid:66)(cid:66)(cid:66)(cid:66)(cid:66)(cid:66)(cid:66)(cid:66)(cid:66)(cid:66)(cid:66)(cid:66)(cid:66)(cid:66)(cid:66)(cid:66)(cid:66)(cid:66)(cid:66)(cid:66)(cid:66)(cid:66)(cid:66)(cid:66)(cid:66)(cid:66)(cid:66)(cid:66)(cid:66)(cid:66)(cid:66)(cid:66)(cid:66)(cid:66)(cid:66)(cid:66)(cid:66)(cid:66)(cid:66)(cid:66)(cid:66)(cid:66)
129,p0105,Other,Tx,,,,False,,,False,3,200.051,119.374,536.57,137.506,200.051,119.374,536.57,137.506,1.0,0.0,0.0,(cid:66)(cid:66)(cid:66)(cid:66)(cid:66)(cid:66)(cid:66)(cid:66)(cid:66)(cid:66)(cid:66)(cid:66)(cid:66)(cid:66)(cid:66)(cid:66)(cid:66)(cid:66)(cid:66)(cid:66)(cid:66)(cid:66)(cid:66)(cid:66)(cid:66)(cid:66)(cid:66)(cid:66)(cid:66)(cid:66)(cid:66)(cid:66)(cid:66)(cid:66)(cid:66)(cid:66)(cid:66)(cid:66)(cid:66)(cid:66)(cid:66)(cid:66)(cid:66)(cid:66)(cid:66)(cid:66)(cid:66)(cid:66)(cid:66)(cid:66)(cid:66)(cid:66)(cid:66)(cid:66)(cid:66)(cid:66)(cid:66)(cid:66)(cid:66)(cid:66)
130,p0106,Carcass Bin,Btn,49152,,,False,1|3,,False,3,465.646,103.293,520.342,114.417,465.646,103.293,520.342,114.417,1.0,0.0,0.0,(cid:134) (cid:134) (cid:60)(cid:72)(cid:86) (cid:20)
131,p0106a,Kept Covered,Btn,49152,,,False,1|3,,False,4,465.646,707.913,520.342,719.036,465.646,707.913,520.342,719.036,1.0,0.0,0.0,(cid:134) (cid:134) (cid:60)(cid:72)(cid:86) (cid:20)
132,p0104b,Company Name and Location,Tx,,,,False,,,False,3,323.394,153.755,535.28,171.887,323.394,153.755,535.28,171.887,1.0,0.0,0.0,(cid:38)(cid:82)(cid:80)(cid:83)(cid:68)(cid:81)(cid:92)(cid:81)(cid:68)(cid:80)(cid:72)(cid:3)(cid:68)(cid:81)(cid:71)(cid:3)(cid:79)(cid:82)(cid:70)(cid:68)(cid:87)(cid:76)(cid:82)(cid:81)(cid:3)(cid:82)(cid:73)(cid:79)(cid:68)(cid:81)(cid:71)(cid:73)(cid:76)(cid:79)(cid:79)(cid:29)(cid:83)(cid:19)(cid:20)(cid:19)(cid:23)(cid:69)(cid:66)(cid:66)(cid:66)(cid:66)(cid:66)(cid:66)(cid:66)(cid:66)(cid:66)(cid:66)(cid:66)(cid:66)(cid:66)(cid:66)(cid:66)(cid:66)(cid:66)(cid:66)(cid:66)(cid:66)(cid:66)(cid:66)(cid:66)(cid:66)(cid:66)(cid:66)(cid:66)(cid:66)(cid:66)(cid:66)(cid:66)(cid:66)(cid:66)(cid:66)(cid:66)(cid:66)(cid:66)(cid:66)
133,p0106b,Distance to Nearest Barn,Tx,,,,False,,,False,4,460.06,688.385,514.651,706.517,460.06,688.385,514.651,706.517,1.0,0.0,0.0,(cid:17)(cid:17)(cid:17)(cid:17)(cid:17)(cid:17)(cid:83)(cid:19)(cid:20)(cid:19)(cid:25)(cid:69)(cid:66)(cid:66)(cid:66)(cid:66)(cid:66)(cid:66)(cid:66)(cid:66)(cid:66)(cid:66)
134,p0106c,Bin Shared,Btn,49152,,,False,1|3,,False,4,466.439,671.178,521.135,682.302,466.439,671.178,521.135,682.302,1.0,0.0,0.0,(cid:134) (cid:134) (cid:60)(cid:72)(cid:86) (cid:20) (cid:22)
135,p0107,Broken Eggs,Tx,,,,False,,,False,4,108.874,633.171,536.933,651.733,108.874,633.171,536.933,651.733,1.0,0.0,0.0,(cid:66)(cid:66)(cid:66)(cid:66)(cid:66)(cid:66)(cid:66)(cid:66)(cid:66)(cid:66)(cid:66)(cid:66)(cid:66)(cid:66)(cid:66)(cid:66)(cid:66)(cid:66)(cid:66)(cid:66)(cid:66)(cid:66)(cid:66)(cid:66)(cid:66)(cid:66)(cid:66)(cid:66)(cid:66)(cid:66)(cid:66)(cid:66)(cid:66)(cid:66)(cid:66)(cid:66)(cid:66)(cid:66)(cid:66)(cid:66)(cid:66)(cid:66)(cid:66)(cid:66)(cid:66)(cid:66)(cid:66)(cid:66)(cid:66)(cid:66)(cid:66)(cid:66)(cid:66)(cid:66)(cid:66)(cid:66)(cid:66)(cid:66)(cid:66)(cid:66)(cid:66)(cid:66)(cid:66)(cid:66)(cid:66)(cid:66)(cid:66)(cid:66)(cid:66)(cid:66)(cid:66)(cid:66)(cid:66)(cid:66)(cid:66)(cid:66)
136,p0108,Wash Water,Tx,,,,False,,,False,4,109.585,597.06,537.214,617.341,109.585,597.06,537.214,617.341,1.0,0.0,0.0,(cid:66)(cid:66)(cid:66)(cid:66)(cid:66)(cid:66)(cid:66)(cid:66)(cid:66)(cid:66)(cid:66)(cid:66)(cid:66)(cid:66)(cid:66)(cid:66)(cid:66)(cid:66)(cid:66)(cid:66)(cid:66)(cid:66)(cid:66)(cid:66)(cid:66)(cid:66)(cid:66)(cid:66)(cid:66)(cid:66)(cid:66)(cid:66)(cid:66)(cid:66)(cid:66)(cid:66)(cid:66)(cid:66)(cid:66)(cid:66)(cid:66)(cid:66)(cid:66)(cid:66)(cid:66)(cid:66)(cid:66)(cid:66)(cid:66)(cid:66)(cid:66)(cid:66)(cid:66)(cid:66)(cid:66)(cid:66)(cid:66)(cid:66)(cid:66)(cid:66)(cid:66)(cid:66)(cid:66)(cid:66)(cid:66)(cid:66)(cid:66)(cid:66)(cid:66)(cid:66)(cid:66)(cid:66)(cid:66)(cid:66)(cid:66)(cid:66)
137,p0109,Company Name and Location,Tx,,,,False,,,False,4,52.5245,474.048,176.739,505.073,52.5245,474.048,176.739,505.073,1.0,0.0,0.0,(cid:66)(cid:66)(cid:66)(cid:66)(cid:66)(cid:66)(cid:66)(cid:66)(cid:66)(cid:66)(cid:66)(cid:66)(cid:66)(cid:66)(cid:66)(cid:66)(cid:66)(cid:66)(cid:66)(cid:66)(cid:66)
138,p0110,Company Name and Location,Tx,,,,False,,,False,4,52.211,433.534,176.425,464.559,52.211,433.534,176.425,464.559,1.0,0.0,0.0,(cid:66)(cid:66)(cid:66)(cid:66)(cid:66)(cid:66)(cid:66)(cid:66)(cid:66)(cid:66)(cid:66)(cid:66)(cid:66)(cid:66)(cid:66)(cid:66)(cid:66)(cid:66)(cid:66)(cid:66)(cid:66)
139,p0111,Company Name and Location,Tx,,,,False,,,False,4,52.7393,392.607,176.953,423.632,52.7393,392.607,176.953,423.632,1.0,0.0,0.0,(cid:66)(cid:66)(cid:66)(cid:66)(cid:66)(cid:66)(cid:66)(cid:66)(cid:66)(cid:66)(cid:66)(cid:66)(cid:66)(cid:66)(cid:66)(cid:66)(cid:66)(cid:66)(cid:66)(cid:66)(cid:66)
140,p0109a,Date,Tx,,,,False,,,False,4,183.487,484.049,266.014,503.9,183.487,484.049,266.014,503.9,1.0,0.0,0.0,(cid:66)(cid:66)(cid:66)(cid:66)(cid:66)(cid:66)(cid:66)(cid:66)(cid:66)(cid:66)(cid:66)(cid:66)(cid:66)(cid:66)
141,p0110a,Date,Tx,,,,False,,,False,4,183.505,444.278,266.031,464.129,183.505,444.278,266.031,464.129,1.0,0.0,0.0,(cid:66)(cid:66)(cid:66)(cid:66)(cid:66)(cid:66)(cid:66)(cid:66)(cid:66)(cid:66)(cid:66)(cid:66)(cid:66)(cid:66)
142,p0109b,Intended Use,Ch,393216,Select or Type,Select or Type,True,"Select or Type|['Fertilizer', 'Fertilizer']|['Feed', 'Feed']|['Other', 'Other (type in)']",Select or Type|Fertilizer|Feed|Other,False,4,273.332,484.056,354.787,504.056,273.332,484.056,354.787,504.056,1.0,0.0,0.0,Select or Type (cid:66)(cid:66)(cid:66)(cid:66)(cid:66)(cid:66)(cid:66)(cid:66)(cid:66)(cid:66)(cid:66)(cid:66)(cid:66)(cid:66)
143,p0110b,Intended Use,Ch,393216,Select or Type,Select or Type,True,"Select or Type|['Fertilizer', 'Fertilizer']|['Feed', 'Feed']|['Other', 'Other (type in)']",Select or Type|Fertilizer|Feed|Other,False,4,273.862,443.344,355.317,463.344,273.862,443.344,355.317,463.344,1.0,0.0,0.0,Select or Type (cid:66)(cid:66)(cid:66)(cid:66)(cid:66)(cid:66)(cid:66)(cid:66)(cid:66)(cid:66)(cid:66)(cid:66)(cid:66)(cid:66)
144,p0111b,Intended Use,Ch,393216,Select or Type,Select or Type,True,"Select or Type|['Fertilizer', 'Fertilizer']|['Feed', 'Feed']|['Other', 'Other (type in)']",Select or Type|Fertilizer|Feed|Other,False,4,273.961,402.417,355.415,422.417,273.961,402.417,355.415,422.417,1.0,0.0,0.0,Select or Type (cid:66)(cid:66)(cid:66)(cid:66)(cid:66)(cid:66)(cid:66)(cid:66)(cid:66)(cid:66)(cid:66)(cid:66)(cid:66)(cid:66)
145,p0109d,Type,Btn,49152,,,False,3|2|1,,False,4,453.646,468.641,465.629,504.765,453.646,468.641,465.629,504.765,1.0,0.0,0.0,(cid:134) (cid:134) (cid:134)
146,p0110d,Type,Btn,49152,,,False,1|2|3,,False,4,454.002,428.141,465.986,464.265,454.002,428.141,465.986,464.265,1.0,0.0,0.0,(cid:134) (cid:134) (cid:134)
147,p0111d,Type,Btn,49152,,,False,1|2|3,,False,4,454.002,388.141,465.986,424.265,454.002,388.141,465.986,424.265,1.0,0.0,0.0,(cid:134) (cid:134) (cid:134)
148,p0111a,Date,Tx,,,,False,,,False,4,183.174,402.492,265.7,422.343,183.174,402.492,265.7,422.343,1.0,0.0,0.0,(cid:66)(cid:66)(cid:66)(cid:66)(cid:66)(cid:66)(cid:66)(cid:66)(cid:66)(cid:66)(cid:66)(cid:66)(cid:66)(cid:66)
149,p0113,Wild Birds,Btn,49152,,,False,1|3,,False,4,465.646,321.725,520.342,332.848,465.646,321.725,520.342,332.848,1.0,0.0,0.0,(cid:134) (cid:134) (cid:60)(cid:72)(cid:86) (cid:20)
150,p0114,Wild Animals,Btn,49152,,,False,1|3,,False,4,465.646,301.725,520.342,312.848,465.646,301.725,520.342,312.848,1.0,0.0,0.0,(cid:134) (cid:134) (cid:60)(cid:72)(cid:86) (cid:20)
151,p0115,Manure from Another Premises,Btn,49152,,,False,1|3,,False,4,465.646,264.725,520.342,275.848,465.646,264.725,520.342,275.848,1.0,0.0,0.0,(cid:134) (cid:134) (cid:60)(cid:72)(cid:86) (cid:20)
152,p0120,Contract Workers,Btn,49152,,,False,1|3,,False,4,465.646,75.8382,520.342,86.9619,465.646,75.8382,520.342,86.9619,1.0,0.0,0.0,(cid:134) (cid:134) (cid:60)(cid:72)(cid:86) (cid:20)
153,p0112,Yards,Tx,,,,False,,,False,4,490.358,355.746,516.156,375.597,490.358,355.746,516.156,375.597,1.0,0.0,0.0,
154,p0116,Product,Tx,,,,False,,,False,4,95.4025,190.715,260.015,207.558,95.4025,190.715,260.015,207.558,1.0,0.0,0.0,(cid:66)(cid:66)(cid:66)(cid:66)(cid:66)(cid:66)(cid:66)(cid:66)(cid:66)(cid:66)(cid:66)(cid:66)(cid:66)(cid:66)(cid:66)(cid:66)(cid:66)(cid:66)(cid:66)(cid:66)(cid:66)(cid:66)(cid:66)(cid:66)(cid:66)(cid:66)(cid:66)(cid:66)(cid:66)
155,p0117,Product,Tx,,,,False,,,False,4,95.6174,164.714,260.23,181.557,95.6174,164.714,260.23,181.557,1.0,0.0,0.0,(cid:66)(cid:66)(cid:66)(cid:66)(cid:66)(cid:66)(cid:66)(cid:66)(cid:66)(cid:66)(cid:66)(cid:66)(cid:66)(cid:66)(cid:66)(cid:66)(cid:66)(cid:66)(cid:66)(cid:66)(cid:66)(cid:66)(cid:66)(cid:66)(cid:66)(cid:66)(cid:66)(cid:66)(cid:66)
156,p0118,Product,Tx,,,,False,,,False,4,97.0053,139.26,261.617,156.102,97.0053,139.26,261.617,156.102,1.0,0.0,0.0,(cid:66)(cid:66)(cid:66)(cid:66)(cid:66)(cid:66)(cid:66)(cid:66)(cid:66)(cid:66)(cid:66)(cid:66)(cid:66)(cid:66)(cid:66)(cid:66)(cid:66)(cid:66)(cid:66)(cid:66)(cid:66)(cid:66)(cid:66)(cid:66)(cid:66)(cid:66)(cid:66)(cid:66)(cid:66)
157,p0119,Product,Tx,,,,False,,,False,4,95.8147,112.515,260.427,129.358,95.8147,112.515,260.427,129.358,1.0,0.0,0.0,(cid:66)(cid:66)(cid:66)(cid:66)(cid:66)(cid:66)(cid:66)(cid:66)(cid:66)(cid:66)(cid:66)(cid:66)(cid:66)(cid:66)(cid:66)(cid:66)(cid:66)(cid:66)(cid:66)(cid:66)(cid:66)(cid:66)(cid:66)(cid:66)(cid:66)(cid:66)(cid:66)(cid:66)(cid:66)
158,p0116a,Source,Tx,,,,False,,,False,4,269.969,191.924,468.103,207.477,269.969,191.924,468.103,207.477,1.0,0.0,0.0,(cid:66)(cid:66)(cid:66)(cid:66)(cid:66)(cid:66)(cid:66)(cid:66)(cid:66)(cid:66)(cid:66)(cid:66)(cid:66)(cid:66)(cid:66)(cid:66)(cid:66)(cid:66)(cid:66)(cid:66)(cid:66)(cid:66)(cid:66)(cid:66)(cid:66)(cid:66)(cid:66)(cid:66)(cid:66)(cid:66)(cid:66)(cid:66)(cid:66)(cid:66)(cid:66)
159,p0117a,Source,Tx,,,,False,,,False,4,269.673,165.359,467.807,180.913,269.673,165.359,467.807,180.913,1.0,0.0,0.0,(cid:66)(cid:66)(cid:66)(cid:66)(cid:66)(cid:66)(cid:66)(cid:66)(cid:66)(cid:66)(cid:66)(cid:66)(cid:66)(cid:66)(cid:66)(cid:66)(cid:66)(cid:66)(cid:66)(cid:66)(cid:66)(cid:66)(cid:66)(cid:66)(cid:66)(cid:66)(cid:66)(cid:66)(cid:66)(cid:66)(cid:66)(cid:66)(cid:66)(cid:66)(cid:66)
160,p0118a,Source,Tx,,,,False,,,False,4,270.201,139.045,468.335,154.598,270.201,139.045,468.335,154.598,1.0,0.0,0.0,(cid:66)(cid:66)(cid:66)(cid:66)(cid:66)(cid:66)(cid:66)(cid:66)(cid:66)(cid:66)(cid:66)(cid:66)(cid:66)(cid:66)(cid:66)(cid:66)(cid:66)(cid:66)(cid:66)(cid:66)(cid:66)(cid:66)(cid:66)(cid:66)(cid:66)(cid:66)(cid:66)(cid:66)(cid:66)(cid:66)(cid:66)(cid:66)(cid:66)(cid:66)(cid:66)
161,p0119a,Source,Tx,,,,False,,,False,4,270.3,112.73,468.434,128.284,270.3,112.73,468.434,128.284,1.0,0.0,0.0,(cid:66)(cid:66)(cid:66)(cid:66)(cid:66)(cid:66)(cid:66)(cid:66)(cid:66)(cid:66)(cid:66)(cid:66)(cid:66)(cid:66)(cid:66)(cid:66)(cid:66)(cid:66)(cid:66)(cid:66)(cid:66)(cid:66)(cid:66)(cid:66)(cid:66)(cid:66)(cid:66)(cid:66)(cid:66)(cid:66)(cid:66)(cid:66)(cid:66)(cid:66)(cid:66)
162,p0116b,Date,Tx,,,,False,,,False,4,475.827,191.279,535.576,206.832,475.827,191.279,535.576,206.832,1.0,0.0,0.0,(cid:66)(cid:66)(cid:66)(cid:66)(cid:66)(cid:66)(cid:66)(cid:66)(cid:66)(cid:66)
163,p0117b,Date,Tx,,,,False,,,False,4,475.961,164.929,535.71,180.483,475.961,164.929,535.71,180.483,1.0,0.0,0.0,(cid:66)(cid:66)(cid:66)(cid:66)(cid:66)(cid:66)(cid:66)(cid:66)(cid:66)(cid:66)
164,p0118b,Date,Tx,,,,False,,,False,4,476.06,139.045,535.809,154.598,476.06,139.045,535.809,154.598,1.0,0.0,0.0,(cid:66)(cid:66)(cid:66)(cid:66)(cid:66)(cid:66)(cid:66)(cid:66)(cid:66)(cid:66)
165,p0119b,Date,Tx,,,,False,,,False,4,476.158,112.73,535.907,128.284,476.158,112.73,535.907,128.284,1.0,0.0,0.0,(cid:66)(cid:66)(cid:66)(cid:66)(cid:66)(cid:66)(cid:66)(cid:66)(cid:66)(cid:66)
166,p0127,Crews Enter Premises,Btn,49152,,,False,1|3,,False,5,465.646,249.838,520.342,260.962,465.646,249.838,520.342,260.962,1.0,0.0,0.0,(cid:134) (cid:134) Yes 1
167,p0124,Community Living,Btn,49152,,,False,1|3,,False,5,472.646,416.215,520.342,427.338,472.646,416.215,520.342,427.338,1.0,0.0,0.0,(cid:134) (cid:134) Yes 1
168,p0122,Visited Other Premises,Btn,49152,,,False,1|3,,False,5,465.646,621.621,520.342,632.745,465.646,621.621,520.342,632.745,1.0,0.0,0.0,(cid:134) (cid:134) Yes 1
169,p0121,Name and Phone Number,Tx,,,,False,,,False,5,110.955,691.098,536.006,706.651,110.955,691.098,536.006,706.651,1.0,0.0,0.0,____________________________________________________________________________
170,p0123,Name,Tx,,,,False,,,False,5,94.3281,549.141,259.8,565.124,94.3281,549.141,259.8,565.124,1.0,0.0,0.0,_____________________________
171,p0123a,Person Title,Tx,,,,False,,,False,5,271.258,549.06,467.243,565.473,271.258,549.06,467.243,565.473,1.0,0.0,0.0,___________________________________
172,p0123b,Date,Tx,,,,False,,,False,5,477.331,547.985,535.791,565.258,477.331,547.985,535.791,565.258,1.0,0.0,0.0,__________
173,p0104off,Lanfill Off-site,Btn,,,,False,,,False,3,186.787,190.593,199.201,202.147,186.787,190.593,199.201,202.147,1.0,0.0,0.0,(cid:134)
174,p0125a,Poultry,Btn,,,,False,,,False,5,105.787,379.593,118.201,391.147,105.787,379.593,118.201,391.147,1.0,0.0,0.0,(cid:134)
175,p0123i,Name,Tx,,,,False,,,False,5,94.9552,470.941,260.427,486.924,94.9552,470.941,260.427,486.924,1.0,0.0,0.0,_____________________________
176,p0126,Other Facilities,Tx,4096,,,False,,,False,5,110.659,284.619,535.71,318.223,110.659,284.619,535.71,318.223,1.0,0.0,0.0,____________________________________________________________________________ ____________________________________________________________________________
177,p0125b,Cattle Dairy,Btn,,,,False,,,False,5,105.787,359.448,118.201,371.002,105.787,359.448,118.201,371.002,1.0,0.0,0.0,(cid:134)
178,p0125c,Cattle Beef,Btn,,,,False,,,False,5,105.787,339.448,118.201,351.002,105.787,339.448,118.201,351.002,1.0,0.0,0.0,(cid:134)
179,p0125d,Swine,Btn,,,,False,,,False,5,213.787,378.448,226.201,390.002,213.787,378.448,226.201,390.002,1.0,0.0,0.0,(cid:134)
180,p0125e,Goat Dairy,Btn,,,,False,,,False,5,213.787,359.448,226.201,371.002,213.787,359.448,226.201,371.002,1.0,0.0,0.0,(cid:134)
181,p0125f,Goat Meat,Btn,,,,False,,,False,5,213.787,339.448,226.201,351.002,213.787,339.448,226.201,351.002,1.0,0.0,0.0,(cid:134) f
182,p0125g,Sheep,Btn,,,,False,,,False,5,321.787,379.448,334.201,391.002,321.787,379.448,334.201,391.002,1.0,0.0,0.0,(cid:134)
183,p0132a,Poultry,Btn,,,,False,Off|Yes,,False,6,105.787,691.593,118.201,703.147,105.787,691.593,118.201,703.147,1.0,0.0,0.0,(cid:134)
184,p0132b,Cattle Dairy,Btn,,,,False,Off|Yes,,False,6,105.787,671.448,118.201,683.002,105.787,671.448,118.201,683.002,1.0,0.0,0.0,(cid:134)
185,p0132c,Cattle Beef,Btn,,,,False,Off|Yes,,False,6,105.787,651.448,118.201,663.002,105.787,651.448,118.201,663.002,1.0,0.0,0.0,(cid:134)
186,p0132d,Swine,Btn,,,,False,Off|Yes,,False,6,213.787,690.448,226.201,702.002,213.787,690.448,226.201,702.002,1.0,0.0,0.0,(cid:134)
187,p0132e,Goat Dairy,Btn,,,,False,Off|Yes,,False,6,213.787,671.448,226.201,683.002,213.787,671.448,226.201,683.002,1.0,0.0,0.0,(cid:134)
188,p0132f,Goat Meat,Btn,,,,False,Off|Yes,,False,6,213.787,651.448,226.201,663.002,213.787,651.448,226.201,663.002,1.0,0.0,0.0,(cid:134) f
189,p0132g,Sheep,Btn,,,,False,Off|Yes,,False,6,321.787,691.448,334.201,703.002,321.787,691.448,334.201,703.002,1.0,0.0,0.0,(cid:134)
190,p0123c,Name,Tx,,,,False,,,False,5,94.7579,522.71,260.23,538.693,94.7579,522.71,260.23,538.693,1.0,0.0,0.0,_____________________________
191,p0123f,Name,Tx,,,,False,,,False,5,95.2863,496.826,260.758,512.809,95.2863,496.826,260.758,512.809,1.0,0.0,0.0,_____________________________
192,p0123d,Person Title,Tx,,,,False,,,False,5,269.458,522.495,465.443,538.908,269.458,522.495,465.443,538.908,1.0,0.0,0.0,__________________________________
193,p0123g,Person Title,Tx,,,,False,,,False,5,269.127,496.181,465.112,512.594,269.127,496.181,465.112,512.594,1.0,0.0,0.0,__________________________________
194,p0123j,Person Title,Tx,,,,False,,,False,5,269.226,470.296,465.211,486.709,269.226,470.296,465.211,486.709,1.0,0.0,0.0,__________________________________
195,p0123e,Date,Tx,,,,False,,,False,5,477.035,522.495,535.495,539.768,477.035,522.495,535.495,539.768,1.0,0.0,0.0,__________
196,p0123h,Date,Tx,,,,False,,,False,5,477.564,496.181,536.024,513.453,477.564,496.181,536.024,513.453,1.0,0.0,0.0,__________
197,p0123k,Date,Tx,,,,False,,,False,5,476.803,470.296,535.263,487.569,476.803,470.296,535.263,487.569,1.0,0.0,0.0,__________
198,p0128,Date,Tx,,,,False,,,False,5,94.1537,176.475,152.613,193.747,94.1537,176.475,152.613,193.747,1.0,0.0,0.0,__________
199,p0129,Date,Tx,,,,False,,,False,5,94.4849,149.928,152.945,167.201,94.4849,149.928,152.945,167.201,1.0,0.0,0.0,__________
200,p0130,Date,Tx,,,,False,,,False,5,94.3863,124.67,152.846,141.943,94.3863,124.67,152.846,141.943,1.0,0.0,0.0,__________
201,p0131a,Crew Type,Tx,,,,False,,,False,5,162.272,98.0425,281.758,114.885,162.272,98.0425,281.758,114.885,1.0,0.0,0.0,_____________________
202,p0130a,Crew Type,Tx,,,,False,,,False,5,162.876,124.531,282.362,141.374,162.876,124.531,282.362,141.374,1.0,0.0,0.0,_____________________
203,p0129a,Crew Type,Tx,,,,False,,,False,5,162.975,150.219,282.461,167.061,162.975,150.219,282.461,167.061,1.0,0.0,0.0,_____________________
204,p0128a,Crew Type,Tx,,,,False,,,False,5,163.503,176.765,282.99,193.608,163.503,176.765,282.99,193.608,1.0,0.0,0.0,_____________________
205,p0131b,Name/Company/Phone Number,Tx,,,,False,,,False,5,293.136,98.2572,534.246,114.67,293.136,98.2572,534.246,114.67,1.0,0.0,0.0,___________________________________________
206,p0130b,Name/Company/Phone Number,Tx,,,,False,,,False,5,292.88,124.316,533.991,140.729,292.88,124.316,533.991,140.729,1.0,0.0,0.0,___________________________________________
207,p0129b,Name/Company/Phone Number,Tx,,,,False,,,False,5,292.979,150.433,534.09,166.846,292.979,150.433,534.09,166.846,1.0,0.0,0.0,___________________________________________
208,p0128b,Name/Company/Phone Number,Tx,,,,False,,,False,5,293.078,176.121,534.188,192.534,293.078,176.121,534.188,192.534,1.0,0.0,0.0,___________________________________________
209,p0133,Visit Premises,Btn,49152,,,False,3|1,,False,6,174.359,484.838,186.629,508.962,174.359,484.838,186.629,508.962,1.0,0.0,0.0,(cid:134) (cid:134)
210,p0131,Date,Tx,,,,False,,,False,5,94.6822,98.1587,153.142,115.431,94.6822,98.1587,153.142,115.431,1.0,0.0,0.0,__________
211,p0133a,Date,Tx,4096,,,False,,,False,6,238.654,481.94,297.114,508.238,238.654,481.94,297.114,508.238,1.0,0.0,0.0,__________
212,p0133c,Enter Barn,Btn,49152,,,False,1|3,,False,6,444.859,484.653,457.129,508.777,444.859,484.653,457.129,508.777,1.0,0.0,0.0,(cid:134) (cid:134)
213,p0133b,Name/Company/Phone Number,Tx,4096,,,False,,,False,6,303.84,482.312,437.508,508.61,303.84,482.312,437.508,508.61,1.0,0.0,0.0,_______________________
214,p0134,Visit Premises,Btn,49152,,,False,1|3,,False,6,174.859,449.102,187.13,473.226,174.859,449.102,187.13,473.226,1.0,0.0,0.0,(cid:134) (cid:134)
215,p0134a,Date,Tx,4096,,,False,,,False,6,239.155,446.204,297.614,472.502,239.155,446.204,297.614,472.502,1.0,0.0,0.0,__________
216,p0134b,Name/Company/Phone Number,Tx,4096,,,False,,,False,6,304.34,446.576,438.009,472.874,304.34,446.576,438.009,472.874,1.0,0.0,0.0,_______________________
217,p0134c,Enter Barn,Btn,49152,,,False,1|3,,False,6,445.359,448.917,457.63,473.041,445.359,448.917,457.63,473.041,1.0,0.0,0.0,(cid:134) 1 (cid:134) 3
218,p0135,Visit Premises,Btn,49152,,,False,1|3,,False,6,174.859,414.102,187.13,438.226,174.859,414.102,187.13,438.226,1.0,0.0,0.0,(cid:134) (cid:134)
219,p0135a,Date,Tx,4096,,,False,,,False,6,239.155,411.204,297.614,437.502,239.155,411.204,297.614,437.502,1.0,0.0,0.0,__________
220,p0135b,Name/Company/Phone Number,Tx,4096,,,False,,,False,6,304.34,411.576,438.009,437.874,304.34,411.576,438.009,437.874,1.0,0.0,0.0,_______________________
221,p0135c,Enter Barn,Btn,49152,,,False,1|3,,False,6,445.359,413.917,457.63,438.041,445.359,413.917,457.63,438.041,1.0,0.0,0.0,(cid:134) 1 (cid:134) 3
222,p0136,Visit Premises,Btn,49152,,,False,1|3,,False,6,174.859,378.844,187.13,402.968,174.859,378.844,187.13,402.968,1.0,0.0,0.0,(cid:134) (cid:134)
223,p0136a,Date,Tx,4096,,,False,,,False,6,239.155,375.947,297.614,402.244,239.155,375.947,297.614,402.244,1.0,0.0,0.0,__________
224,p0136b,Name/Company/Phone Number,Tx,4096,,,False,,,False,6,304.34,376.318,438.009,402.616,304.34,376.318,438.009,402.616,1.0,0.0,0.0,_______________________
225,p0136c,Enter Barn,Btn,49152,,,False,1|3,,False,6,445.359,378.659,457.63,402.783,445.359,378.659,457.63,402.783,1.0,0.0,0.0,(cid:134) 1 (cid:134) 3
226,p0137,Visit Premises,Btn,49152,,,False,1|3,,False,6,174.859,343.587,187.13,367.71,174.859,343.587,187.13,367.71,1.0,0.0,0.0,(cid:134) (cid:134)
227,p0137a,Date,Tx,4096,,,False,,,False,6,239.155,340.689,297.614,366.987,239.155,340.689,297.614,366.987,1.0,0.0,0.0,__________
228,p0137b,Name/Company/Phone Number,Tx,4096,,,False,,,False,6,304.34,341.061,438.009,367.358,304.34,341.061,438.009,367.358,1.0,0.0,0.0,_______________________
229,p0137c,Enter Barn,Btn,49152,,,False,1|3,,False,6,445.359,343.402,457.63,367.525,445.359,343.402,457.63,367.525,1.0,0.0,0.0,(cid:134) 1 (cid:134) 3
230,p0138,Visit Premises,Btn,49152,,,False,1|3,,False,6,174.859,308.329,187.13,332.453,174.859,308.329,187.13,332.453,1.0,0.0,0.0,(cid:134) (cid:134)
231,p0138a,Date,Tx,4096,,,False,,,False,6,239.155,305.431,297.614,331.729,239.155,305.431,297.614,331.729,1.0,0.0,0.0,__________
232,p0138b,Name/Company/Phone Number,Tx,4096,,,False,,,False,6,304.34,305.803,438.009,332.101,304.34,305.803,438.009,332.101,1.0,0.0,0.0,_______________________
233,p0138c,Enter Barn,Btn,49152,,,False,1|3,,False,6,445.359,308.144,457.63,332.268,445.359,308.144,457.63,332.268,1.0,0.0,0.0,(cid:134) 1 (cid:134) 3
234,p0139,Visit Premises,Btn,49152,,,False,1|3,,False,6,174.859,273.072,187.13,297.195,174.859,273.072,187.13,297.195,1.0,0.0,0.0,(cid:134) (cid:134)
235,p0139a,Date,Tx,4096,,,False,,,False,6,239.155,270.174,297.614,296.471,239.155,270.174,297.614,296.471,1.0,0.0,0.0,__________
236,p0139b,Name/Company/Phone Number,Tx,4096,,,False,,,False,6,304.34,270.545,438.009,296.843,304.34,270.545,438.009,296.843,1.0,0.0,0.0,_______________________
237,p0139c,Enter Barn,Btn,49152,,,False,1|3,,False,6,445.359,272.887,457.63,297.01,445.359,272.887,457.63,297.01,1.0,0.0,0.0,(cid:134) 1 (cid:134) 3
238,p0140,Visit Premises,Btn,49152,,,False,1|3,,False,6,174.859,238.185,187.13,262.309,174.859,238.185,187.13,262.309,1.0,0.0,0.0,(cid:134) (cid:134)
239,p0140a,Date,Tx,4096,,,False,,,False,6,239.155,235.287,297.614,261.585,239.155,235.287,297.614,261.585,1.0,0.0,0.0,__________
240,p0140b,Name/Company/Phone Number,Tx,4096,,,False,,,False,6,304.34,235.659,438.009,261.957,304.34,235.659,438.009,261.957,1.0,0.0,0.0,_______________________
241,p0140c,Enter Barn,Btn,49152,,,False,1|3,,False,6,445.359,238.0,457.63,262.124,445.359,238.0,457.63,262.124,1.0,0.0,0.0,(cid:134) 1 (cid:134) 3
242,p0141,Visit Premises,Btn,49152,,,False,1|3,,False,6,174.859,202.556,187.13,226.68,174.859,202.556,187.13,226.68,1.0,0.0,0.0,(cid:134) (cid:134)
243,p0141a,Date,Tx,4096,,,False,,,False,6,239.155,199.659,297.614,225.956,239.155,199.659,297.614,225.956,1.0,0.0,0.0,__________
244,p0141b,Name/Company/Phone Number,Tx,4096,,,False,,,False,6,304.34,200.03,438.009,226.328,304.34,200.03,438.009,226.328,1.0,0.0,0.0,_______________________
245,p0141c,Enter Barn,Btn,49152,,,False,1|3,,False,6,445.359,202.371,457.63,226.495,445.359,202.371,457.63,226.495,1.0,0.0,0.0,(cid:134) 1 (cid:134) 3
246,p0142,Visit Premises,Btn,49152,,,False,1|3,,False,6,174.859,166.928,187.13,191.051,174.859,166.928,187.13,191.051,1.0,0.0,0.0,(cid:134) (cid:134)
247,p0142a,Date,Tx,4096,,,False,,,False,6,239.155,164.03,297.614,190.327,239.155,164.03,297.614,190.327,1.0,0.0,0.0,__________
248,p0142b,Name/Company/Phone Number,Tx,4096,,,False,,,False,6,304.34,164.401,438.009,190.699,304.34,164.401,438.009,190.699,1.0,0.0,0.0,_______________________
249,p0142c,Enter Barn,Btn,49152,,,False,1|3,,False,6,445.359,166.743,457.63,190.866,445.359,166.743,457.63,190.866,1.0,0.0,0.0,(cid:134) 1 (cid:134) 3
250,p0143,Visit Premises,Btn,49152,,,False,1|3,,False,6,174.859,132.869,187.13,156.993,174.859,132.869,187.13,156.993,1.0,0.0,0.0,(cid:134) (cid:134)
251,p0143a,Date,Tx,4096,,,False,,,False,6,239.155,129.971,297.614,156.269,239.155,129.971,297.614,156.269,1.0,0.0,0.0,__________
252,p0143b,Name/Company/Phone Number,Tx,4096,,,False,,,False,6,304.34,130.343,438.009,156.641,304.34,130.343,438.009,156.641,1.0,0.0,0.0,_______________________
253,p0143c,Enter Barn,Btn,49152,,,False,1|3,,False,6,445.359,132.684,457.63,156.808,445.359,132.684,457.63,156.808,1.0,0.0,0.0,(cid:134) 1 (cid:134) 3
254,p0144,Visit Premises,Btn,49152,,,False,1|3,,False,6,174.859,97.8689,187.13,121.993,174.859,97.8689,187.13,121.993,1.0,0.0,0.0,(cid:134) (cid:134)
255,p0144a,Date,Tx,4096,,,False,,,False,6,239.155,94.9712,297.614,121.269,239.155,94.9712,297.614,121.269,1.0,0.0,0.0,__________
256,p0144b,Name/Company/Phone Number,Tx,4096,,,False,,,False,6,304.34,95.3428,438.009,121.641,304.34,95.3428,438.009,121.641,1.0,0.0,0.0,_______________________
257,p0144c,Enter Barn,Btn,49152,,,False,1|3,,False,6,445.359,97.6839,457.63,121.808,445.359,97.6839,457.63,121.808,1.0,0.0,0.0,(cid:134) 1 (cid:134) 3
258,p0145,Visit Premises,Btn,49152,,,False,1|3,,False,7,174.359,693.838,186.629,717.962,174.359,693.838,186.629,717.962,1.0,0.0,0.0,(cid:134) (cid:134)
259,p0145a,Date,Tx,4096,,,False,,,False,7,238.654,690.94,297.114,717.238,238.654,690.94,297.114,717.238,1.0,0.0,0.0,__________
260,p0145b,Name/Company/Phone Number,Tx,4096,,,False,,,False,7,303.84,691.312,437.508,717.61,303.84,691.312,437.508,717.61,1.0,0.0,0.0,_______________________
261,p0145c,Enter Barn,Btn,49152,,,False,1|3,,False,7,444.859,693.653,457.129,717.777,444.859,693.653,457.129,717.777,1.0,0.0,0.0,(cid:134) (cid:134)
262,p0146,Visit Premises,Btn,49152,,,False,1|3,,False,7,174.359,658.838,186.629,682.962,174.359,658.838,186.629,682.962,1.0,0.0,0.0,(cid:134) (cid:134)
263,p0146a,Date,Tx,4096,,,False,,,False,7,238.654,655.94,297.114,682.238,238.654,655.94,297.114,682.238,1.0,0.0,0.0,__________
264,p0146b,Name/Company/Phone Number,Tx,4096,,,False,,,False,7,303.84,656.312,437.508,682.61,303.84,656.312,437.508,682.61,1.0,0.0,0.0,_______________________
265,p0146c,Enter Barn,Btn,49152,,,False,1|3,,False,7,444.859,658.653,457.129,682.777,444.859,658.653,457.129,682.777,1.0,0.0,0.0,(cid:134) (cid:134)
266,p0147,Visit Premises,Btn,49152,,,False,1|3,,False,7,174.359,623.838,186.629,647.962,174.359,623.838,186.629,647.962,1.0,0.0,0.0,(cid:134) (cid:134)
267,p0147a,Date,Tx,4096,,,False,,,False,7,238.654,620.94,297.114,647.238,238.654,620.94,297.114,647.238,1.0,0.0,0.0,__________
268,p0147b,Name/Company/Phone Number,Tx,4096,,,False,,,False,7,303.84,621.312,437.508,647.61,303.84,621.312,437.508,647.61,1.0,0.0,0.0,_______________________
269,p0147c,Enter Barn,Btn,49152,,,False,1|3,,False,7,444.859,623.653,457.129,647.777,444.859,623.653,457.129,647.777,1.0,0.0,0.0,(cid:134) (cid:134)
270,p0148,Visit Premises,Btn,49152,,,False,1|3,,False,7,174.359,588.838,186.629,612.962,174.359,588.838,186.629,612.962,1.0,0.0,0.0,(cid:134) (cid:134)
271,p0148a,Date,Tx,4096,,,False,,,False,7,238.654,585.94,297.114,612.238,238.654,585.94,297.114,612.238,1.0,0.0,0.0,__________
272,p0148b,Name/Company/Phone Number,Tx,4096,,,False,,,False,7,303.84,586.312,437.508,612.61,303.84,586.312,437.508,612.61,1.0,0.0,0.0,_______________________
273,p0148c,Enter Barn,Btn,49152,,,False,1|3,,False,7,444.859,588.653,457.129,612.777,444.859,588.653,457.129,612.777,1.0,0.0,0.0,(cid:134) (cid:134)
274,p0149,Visit Premises,Btn,49152,,,False,1|3,,False,7,174.359,553.838,186.629,577.962,174.359,553.838,186.629,577.962,1.0,0.0,0.0,(cid:134) (cid:134)
275,p0149a,Date,Tx,4096,,,False,,,False,7,238.654,550.94,297.114,577.238,238.654,550.94,297.114,577.238,1.0,0.0,0.0,__________
276,p0149b,Name/Company/Phone Number,Tx,4096,,,False,,,False,7,303.84,551.312,437.508,577.61,303.84,551.312,437.508,577.61,1.0,0.0,0.0,_______________________
277,p0149c,Enter Barn,Btn,49152,,,False,1|3,,False,7,444.859,553.653,457.129,577.777,444.859,553.653,457.129,577.777,1.0,0.0,0.0,(cid:134) (cid:134)
278,p0150,Visit Premises,Btn,49152,,,False,1|3,,False,7,174.359,517.838,186.629,541.962,174.359,517.838,186.629,541.962,1.0,0.0,0.0,(cid:134) (cid:134)
279,p0150c,Enter Barn,Btn,49152,,,False,1|3,,False,7,444.859,517.653,457.129,541.777,444.859,517.653,457.129,541.777,1.0,0.0,0.0,(cid:134) (cid:134)
280,p0150a,Date,Tx,4096,,,False,,,False,7,238.654,514.94,297.114,541.238,238.654,514.94,297.114,541.238,1.0,0.0,0.0,__________
281,p0150b,Name/Company/Phone Number,Tx,4096,,,False,,,False,7,303.84,515.312,437.508,541.61,303.84,515.312,437.508,541.61,1.0,0.0,0.0,_______________________
282,p0151a,Received or Loaned,Btn,49152,,,False,1|3,,False,7,174.419,373.448,186.69,397.572,174.419,373.448,186.69,397.572,1.0,0.0,0.0,(cid:134) (cid:134)
283,p0151b,Name/Company/Phone Number,Tx,4096,,,False,,,False,7,244.731,371.41,398.599,395.988,244.731,371.41,398.599,395.988,1.0,0.0,0.0,__________________________
284,p0151c,Date,Tx,,,,False,,,False,7,405.325,370.492,463.355,395.071,405.325,370.492,463.355,395.071,1.0,0.0,0.0,__________
285,p0152a,Received or Loaned,Btn,49152,,,False,1|3,,False,7,174.021,336.962,186.292,361.086,174.021,336.962,186.292,361.086,1.0,0.0,0.0,(cid:134) (cid:134)
286,p0152b,Name/Company/Phone Number,Tx,4096,,,False,,,False,7,244.333,334.924,398.201,359.502,244.333,334.924,398.201,359.502,1.0,0.0,0.0,__________________________
287,p0152c,Date,Tx,,,,False,,,False,7,404.927,335.006,462.957,359.585,404.927,335.006,462.957,359.585,1.0,0.0,0.0,__________
288,p0153a,Received or Loaned,Btn,49152,,,False,1|3,,False,7,174.021,301.962,186.292,326.086,174.021,301.962,186.292,326.086,1.0,0.0,0.0,(cid:134) (cid:134)
289,p0153b,Name/Company/Phone Number,Tx,4096,,,False,,,False,7,244.333,299.924,398.201,324.502,244.333,299.924,398.201,324.502,1.0,0.0,0.0,__________________________
290,p0153c,Date,Tx,,,,False,,,False,7,404.927,300.006,462.957,324.585,404.927,300.006,462.957,324.585,1.0,0.0,0.0,__________
291,p0154a,Received or Loaned,Btn,49152,,,False,1|3,,False,7,174.021,266.818,186.292,290.942,174.021,266.818,186.292,290.942,1.0,0.0,0.0,(cid:134) (cid:134)
292,p0154b,Name/Company/Phone Number,Tx,4096,,,False,,,False,7,244.333,264.78,398.201,289.358,244.333,264.78,398.201,289.358,1.0,0.0,0.0,__________________________
293,p0154c,Date,Tx,,,,False,,,False,7,404.927,264.862,462.957,289.441,404.927,264.862,462.957,289.441,1.0,0.0,0.0,__________
294,p0155a,Received or Loaned,Btn,49152,,,False,1|3,,False,7,175.021,231.818,187.292,255.942,175.021,231.818,187.292,255.942,1.0,0.0,0.0,(cid:134) (cid:134)
295,p0155b,Name/Company/Phone Number,Tx,4096,,,False,,,False,7,245.333,229.78,399.201,254.358,245.333,229.78,399.201,254.358,1.0,0.0,0.0,__________________________
296,p0155c,Date,Tx,,,,False,,,False,7,405.927,229.862,463.957,254.441,405.927,229.862,463.957,254.441,1.0,0.0,0.0,__________
297,p0156a,Received or Loaned,Btn,49152,,,False,1|3,,False,7,175.021,195.818,187.292,219.942,175.021,195.818,187.292,219.942,1.0,0.0,0.0,(cid:134) (cid:134)
298,p0156b,Name/Company/Phone Number,Tx,4096,,,False,,,False,7,245.333,193.78,399.201,218.358,245.333,193.78,399.201,218.358,1.0,0.0,0.0,__________________________
299,p0156c,Date,Tx,,,,False,,,False,7,405.927,193.862,463.957,218.441,405.927,193.862,463.957,218.441,1.0,0.0,0.0,__________
300,p0157a,Received or Loaned,Btn,49152,,,False,1|3,,False,7,175.021,161.818,187.292,185.942,175.021,161.818,187.292,185.942,1.0,0.0,0.0,(cid:134) (cid:134)
301,p0157b,Name/Company/Phone Number,Tx,4096,,,False,,,False,7,245.333,159.78,399.201,184.358,245.333,159.78,399.201,184.358,1.0,0.0,0.0,__________________________
302,p0157c,Date,Tx,,,,False,,,False,7,405.927,159.862,463.957,184.441,405.927,159.862,463.957,184.441,1.0,0.0,0.0,__________
303,p0158a,Received or Loaned,Btn,49152,,,False,1|3,,False,7,175.021,125.818,187.292,149.942,175.021,125.818,187.292,149.942,1.0,0.0,0.0,(cid:134) (cid:134)
304,p0158b,Name/Company/Phone Number,Tx,4096,,,False,,,False,7,245.333,123.78,399.201,148.358,245.333,123.78,399.201,148.358,1.0,0.0,0.0,__________________________
305,p0158c,Date,Tx,,,,False,,,False,7,405.927,123.862,463.957,148.441,405.927,123.862,463.957,148.441,1.0,0.0,0.0,__________
306,p0159a,Received or Loaned,Btn,49152,,,False,1|3,,False,7,174.021,91.1891,186.292,115.313,174.021,91.1891,186.292,115.313,1.0,0.0,0.0,(cid:134) (cid:134)
307,p0159b,Name/Company/Phone Number,Tx,4096,,,False,,,False,7,244.333,89.1509,398.201,113.729,244.333,89.1509,398.201,113.729,1.0,0.0,0.0,__________________________
308,p0159c,Date,Tx,,,,False,,,False,7,404.927,89.2333,462.957,113.812,404.927,89.2333,462.957,113.812,1.0,0.0,0.0,__________
309,p0160a,Received or Loaned,Btn,49152,,,False,1|3,,False,8,174.419,694.448,186.69,718.572,174.419,694.448,186.69,718.572,1.0,0.0,0.0,(cid:134) (cid:134)
310,p0160b,Name/Company/Phone Number,Tx,4096,,,False,,,False,8,244.731,692.41,398.599,716.989,244.731,692.41,398.599,716.989,1.0,0.0,0.0,(cid:66)(cid:66)(cid:66)(cid:66)(cid:66)(cid:66)(cid:66)(cid:66)(cid:66)(cid:66)(cid:66)(cid:66)(cid:66)(cid:66)(cid:66)(cid:66)(cid:66)(cid:66)(cid:66)(cid:66)(cid:66)(cid:66)(cid:66)(cid:66)(cid:66)(cid:66)
311,p0160c,Date,Tx,,,,False,,,False,8,405.325,692.492,463.355,717.071,405.325,692.492,463.355,717.071,1.0,0.0,0.0,(cid:66)(cid:66)(cid:66)(cid:66)(cid:66)(cid:66)(cid:66)(cid:66)(cid:66)(cid:66)
312,p0161a,Received or Loaned,Btn,49152,,,False,1|3,,False,8,174.419,659.448,186.69,683.572,174.419,659.448,186.69,683.572,1.0,0.0,0.0,(cid:134) (cid:134)
313,p0161b,Name/Company/Phone Number,Tx,4096,,,False,,,False,8,244.731,657.41,398.599,681.989,244.731,657.41,398.599,681.989,1.0,0.0,0.0,(cid:66)(cid:66)(cid:66)(cid:66)(cid:66)(cid:66)(cid:66)(cid:66)(cid:66)(cid:66)(cid:66)(cid:66)(cid:66)(cid:66)(cid:66)(cid:66)(cid:66)(cid:66)(cid:66)(cid:66)(cid:66)(cid:66)(cid:66)(cid:66)(cid:66)(cid:66)
314,p0161c,Date,Tx,,,,False,,,False,8,405.325,656.492,463.355,681.071,405.325,656.492,463.355,681.071,1.0,0.0,0.0,(cid:66)(cid:66)(cid:66)(cid:66)(cid:66)(cid:66)(cid:66)(cid:66)(cid:66)(cid:66)
315,p0162a,Received or Loaned,Btn,49152,,,False,1|3,,False,8,174.419,624.448,186.69,648.572,174.419,624.448,186.69,648.572,1.0,0.0,0.0,(cid:134) (cid:134)
316,p0162b,Name/Company/Phone Number,Tx,4096,,,False,,,False,8,244.731,622.41,398.599,646.989,244.731,622.41,398.599,646.989,1.0,0.0,0.0,(cid:66)(cid:66)(cid:66)(cid:66)(cid:66)(cid:66)(cid:66)(cid:66)(cid:66)(cid:66)(cid:66)(cid:66)(cid:66)(cid:66)(cid:66)(cid:66)(cid:66)(cid:66)(cid:66)(cid:66)(cid:66)(cid:66)(cid:66)(cid:66)(cid:66)(cid:66)
317,p0162c,Date,Tx,,,,False,,,False,8,405.325,621.492,463.355,646.071,405.325,621.492,463.355,646.071,1.0,0.0,0.0,(cid:66)(cid:66)(cid:66)(cid:66)(cid:66)(cid:66)(cid:66)(cid:66)(cid:66)(cid:66)
318,p0163a,Received or Loaned,Btn,49152,,,False,1|3,,False,8,174.419,589.448,186.69,613.572,174.419,589.448,186.69,613.572,1.0,0.0,0.0,(cid:134) (cid:134)
319,p0163b,Name/Company/Phone Number,Tx,4096,,,False,,,False,8,244.731,587.41,398.599,611.989,244.731,587.41,398.599,611.989,1.0,0.0,0.0,(cid:66)(cid:66)(cid:66)(cid:66)(cid:66)(cid:66)(cid:66)(cid:66)(cid:66)(cid:66)(cid:66)(cid:66)(cid:66)(cid:66)(cid:66)(cid:66)(cid:66)(cid:66)(cid:66)(cid:66)(cid:66)(cid:66)(cid:66)(cid:66)(cid:66)(cid:66)
320,p0163c,Date,Tx,,,,False,,,False,8,405.325,586.492,463.355,611.071,405.325,586.492,463.355,611.071,1.0,0.0,0.0,(cid:66)(cid:66)(cid:66)(cid:66)(cid:66)(cid:66)(cid:66)(cid:66)(cid:66)(cid:66)
321,p0164a,Received or Loaned,Btn,49152,,,False,1|3,,False,8,174.419,554.448,186.69,578.572,174.419,554.448,186.69,578.572,1.0,0.0,0.0,(cid:134) (cid:134)
322,p0164b,Name/Company/Phone Number,Tx,4096,,,False,,,False,8,244.731,552.41,398.599,576.989,244.731,552.41,398.599,576.989,1.0,0.0,0.0,(cid:66)(cid:66)(cid:66)(cid:66)(cid:66)(cid:66)(cid:66)(cid:66)(cid:66)(cid:66)(cid:66)(cid:66)(cid:66)(cid:66)(cid:66)(cid:66)(cid:66)(cid:66)(cid:66)(cid:66)(cid:66)(cid:66)(cid:66)(cid:66)(cid:66)(cid:66)
323,p0164c,Date,Tx,,,,False,,,False,8,405.325,551.492,463.355,576.071,405.325,551.492,463.355,576.071,1.0,0.0,0.0,(cid:66)(cid:66)(cid:66)(cid:66)(cid:66)(cid:66)(cid:66)(cid:66)(cid:66)(cid:66)
324,p0165a,Received or Loaned,Btn,49152,,,False,1|3,,False,8,174.419,519.448,186.69,543.572,174.419,519.448,186.69,543.572,1.0,0.0,0.0,(cid:134) (cid:134)
325,p0165c,Date,Tx,,,,False,,,False,8,405.325,516.492,463.355,541.071,405.325,516.492,463.355,541.071,1.0,0.0,0.0,(cid:66)(cid:66)(cid:66)(cid:66)(cid:66)(cid:66)(cid:66)(cid:66)(cid:66)(cid:66)
326,p0150oth,Other,Tx,,,,False,,,False,7,61.0269,519.446,148.281,532.851,61.0269,519.446,148.281,532.851,1.0,0.0,0.0,_______________)
327,p0165oth,Other,Tx,,,,False,,,False,8,61.0269,519.446,148.281,532.851,61.0269,519.446,148.281,532.851,1.0,0.0,0.0,(cid:66)(cid:66)(cid:66)(cid:66)(cid:66)(cid:66)(cid:66)(cid:66)(cid:66)(cid:66)(cid:66)(cid:66)(cid:66)(cid:66)(cid:66)(cid:12)
328,p0166,Birds Introduced,Btn,49152,,,False,1|3,,False,8,465.646,461.994,520.342,473.118,465.646,461.994,520.342,473.118,1.0,0.0,0.0,(cid:134) (cid:134) (cid:60)(cid:72)(cid:86) (cid:20)
329,p0172,Birds Moved,Btn,49152,,,False,1|3,,False,8,465.646,247.838,520.342,258.962,465.646,247.838,520.342,258.962,1.0,0.0,0.0,(cid:134) (cid:134) (cid:60)(cid:72)(cid:86) (cid:20)
330,p0165b,Name/Company/Phone Number,Tx,4096,,,False,,,False,8,244.731,517.41,398.599,541.989,244.731,517.41,398.599,541.989,1.0,0.0,0.0,(cid:66)(cid:66)(cid:66)(cid:66)(cid:66)(cid:66)(cid:66)(cid:66)(cid:66)(cid:66)(cid:66)(cid:66)(cid:66)(cid:66)(cid:66)(cid:66)(cid:66)(cid:66)(cid:66)(cid:66)(cid:66)(cid:66)(cid:66)(cid:66)(cid:66)(cid:66)
331,p0167a,Bird Type,Tx,,,,False,,,False,8,130.742,388.524,261.403,404.078,130.742,388.524,261.403,404.078,1.0,0.0,0.0,(cid:66)(cid:66)(cid:66)(cid:66)(cid:66)(cid:66)(cid:66)(cid:66)(cid:66)(cid:66)(cid:66)(cid:66)(cid:66)(cid:66)(cid:66)(cid:66)(cid:66)(cid:66)(cid:66)(cid:66)(cid:66)
332,p0167,Date,Tx,,,,False,,,False,8,62.7402,389.052,122.06,405.036,62.7402,389.052,122.06,405.036,1.0,0.0,0.0,(cid:66)(cid:66)(cid:66)(cid:66)(cid:66)(cid:66)(cid:66)(cid:66)(cid:66)(cid:66)
333,p0167b,Source,Tx,,,,False,,,False,8,269.888,388.838,413.441,404.392,269.888,388.838,413.441,404.392,1.0,0.0,0.0,(cid:66)(cid:66)(cid:66)(cid:66)(cid:66)(cid:66)(cid:66)(cid:66)(cid:66)(cid:66)(cid:66)(cid:66)(cid:66)(cid:66)(cid:66)(cid:66)(cid:66)(cid:66)(cid:66)(cid:66)(cid:66)(cid:66)(cid:66)(cid:66)(cid:66)
334,p0167c,Transported By,Tx,,,,False,,,False,8,423.413,388.739,554.074,404.293,423.413,388.739,554.074,404.293,1.0,0.0,0.0,(cid:66)(cid:66)(cid:66)(cid:66)(cid:66)(cid:66)(cid:66)(cid:66)(cid:66)(cid:66)(cid:66)(cid:66)(cid:66)(cid:66)(cid:66)(cid:66)(cid:66)(cid:66)(cid:66)(cid:66)(cid:66)(cid:66)(cid:66)
335,p0168,Date,Tx,,,,False,,,False,8,62.3272,363.2,121.646,379.183,62.3272,363.2,121.646,379.183,1.0,0.0,0.0,(cid:66)(cid:66)(cid:66)(cid:66)(cid:66)(cid:66)(cid:66)(cid:66)(cid:66)(cid:66)
336,p0168a,Bird Type,Tx,,,,False,,,False,8,130.329,362.671,260.99,378.225,130.329,362.671,260.99,378.225,1.0,0.0,0.0,(cid:66)(cid:66)(cid:66)(cid:66)(cid:66)(cid:66)(cid:66)(cid:66)(cid:66)(cid:66)(cid:66)(cid:66)(cid:66)(cid:66)(cid:66)(cid:66)(cid:66)(cid:66)(cid:66)(cid:66)(cid:66)
337,p0168b,Source,Tx,,,,False,,,False,8,269.475,362.985,413.028,378.539,269.475,362.985,413.028,378.539,1.0,0.0,0.0,(cid:66)(cid:66)(cid:66)(cid:66)(cid:66)(cid:66)(cid:66)(cid:66)(cid:66)(cid:66)(cid:66)(cid:66)(cid:66)(cid:66)(cid:66)(cid:66)(cid:66)(cid:66)(cid:66)(cid:66)(cid:66)(cid:66)(cid:66)(cid:66)(cid:66)
338,p0168c,Transported By,Tx,,,,False,,,False,8,423.0,362.886,553.661,378.44,423.0,362.886,553.661,378.44,1.0,0.0,0.0,(cid:66)(cid:66)(cid:66)(cid:66)(cid:66)(cid:66)(cid:66)(cid:66)(cid:66)(cid:66)(cid:66)(cid:66)(cid:66)(cid:66)(cid:66)(cid:66)(cid:66)(cid:66)(cid:66)(cid:66)(cid:66)(cid:66)(cid:66)
339,p0169,Date,Tx,,,,False,,,False,8,62.3272,336.2,121.646,352.183,62.3272,336.2,121.646,352.183,1.0,0.0,0.0,(cid:66)(cid:66)(cid:66)(cid:66)(cid:66)(cid:66)(cid:66)(cid:66)(cid:66)(cid:66)
340,p0169a,Bird Type,Tx,,,,False,,,False,8,130.329,335.671,260.99,351.225,130.329,335.671,260.99,351.225,1.0,0.0,0.0,(cid:66)(cid:66)(cid:66)(cid:66)(cid:66)(cid:66)(cid:66)(cid:66)(cid:66)(cid:66)(cid:66)(cid:66)(cid:66)(cid:66)(cid:66)(cid:66)(cid:66)(cid:66)(cid:66)(cid:66)(cid:66)
341,p0169b,Source,Tx,,,,False,,,False,8,269.475,335.985,413.028,351.539,269.475,335.985,413.028,351.539,1.0,0.0,0.0,(cid:66)(cid:66)(cid:66)(cid:66)(cid:66)(cid:66)(cid:66)(cid:66)(cid:66)(cid:66)(cid:66)(cid:66)(cid:66)(cid:66)(cid:66)(cid:66)(cid:66)(cid:66)(cid:66)(cid:66)(cid:66)(cid:66)(cid:66)(cid:66)(cid:66)
342,p0169c,Transported By,Tx,,,,False,,,False,8,423.0,335.886,553.661,351.44,423.0,335.886,553.661,351.44,1.0,0.0,0.0,(cid:66)(cid:66)(cid:66)(cid:66)(cid:66)(cid:66)(cid:66)(cid:66)(cid:66)(cid:66)(cid:66)(cid:66)(cid:66)(cid:66)(cid:66)(cid:66)(cid:66)(cid:66)(cid:66)(cid:66)(cid:66)(cid:66)(cid:66)
343,p0170,Date,Tx,,,,False,,,False,8,62.3272,311.2,121.646,327.183,62.3272,311.2,121.646,327.183,1.0,0.0,0.0,(cid:66)(cid:66)(cid:66)(cid:66)(cid:66)(cid:66)(cid:66)(cid:66)(cid:66)(cid:66)
344,p0170a,Bird Type,Tx,,,,False,,,False,8,130.329,310.671,260.99,326.225,130.329,310.671,260.99,326.225,1.0,0.0,0.0,(cid:66)(cid:66)(cid:66)(cid:66)(cid:66)(cid:66)(cid:66)(cid:66)(cid:66)(cid:66)(cid:66)(cid:66)(cid:66)(cid:66)(cid:66)(cid:66)(cid:66)(cid:66)(cid:66)(cid:66)(cid:66)
345,p0170b,Source,Tx,,,,False,,,False,8,269.475,310.985,413.028,326.539,269.475,310.985,413.028,326.539,1.0,0.0,0.0,(cid:66)(cid:66)(cid:66)(cid:66)(cid:66)(cid:66)(cid:66)(cid:66)(cid:66)(cid:66)(cid:66)(cid:66)(cid:66)(cid:66)(cid:66)(cid:66)(cid:66)(cid:66)(cid:66)(cid:66)(cid:66)(cid:66)(cid:66)(cid:66)(cid:66)
346,p0170c,Transported By,Tx,,,,False,,,False,8,423.0,310.886,553.661,326.44,423.0,310.886,553.661,326.44,1.0,0.0,0.0,(cid:66)(cid:66)(cid:66)(cid:66)(cid:66)(cid:66)(cid:66)(cid:66)(cid:66)(cid:66)(cid:66)(cid:66)(cid:66)(cid:66)(cid:66)(cid:66)(cid:66)(cid:66)(cid:66)(cid:66)(cid:66)(cid:66)(cid:66)
347,p0171,Date,Tx,,,,False,,,False,8,62.3272,285.2,121.646,301.183,62.3272,285.2,121.646,301.183,1.0,0.0,0.0,(cid:66)(cid:66)(cid:66)(cid:66)(cid:66)(cid:66)(cid:66)(cid:66)(cid:66)(cid:66)
348,p0171a,Bird Type,Tx,,,,False,,,False,8,130.329,284.671,260.99,300.225,130.329,284.671,260.99,300.225,1.0,0.0,0.0,(cid:66)(cid:66)(cid:66)(cid:66)(cid:66)(cid:66)(cid:66)(cid:66)(cid:66)(cid:66)(cid:66)(cid:66)(cid:66)(cid:66)(cid:66)(cid:66)(cid:66)(cid:66)(cid:66)(cid:66)(cid:66)
349,p0171b,Source,Tx,,,,False,,,False,8,269.475,284.985,413.028,300.539,269.475,284.985,413.028,300.539,1.0,0.0,0.0,(cid:66)(cid:66)(cid:66)(cid:66)(cid:66)(cid:66)(cid:66)(cid:66)(cid:66)(cid:66)(cid:66)(cid:66)(cid:66)(cid:66)(cid:66)(cid:66)(cid:66)(cid:66)(cid:66)(cid:66)(cid:66)(cid:66)(cid:66)(cid:66)(cid:66)
350,p0171c,Transported By,Tx,,,,False,,,False,8,423.0,284.886,553.661,300.44,423.0,284.886,553.661,300.44,1.0,0.0,0.0,(cid:66)(cid:66)(cid:66)(cid:66)(cid:66)(cid:66)(cid:66)(cid:66)(cid:66)(cid:66)(cid:66)(cid:66)(cid:66)(cid:66)(cid:66)(cid:66)(cid:66)(cid:66)(cid:66)(cid:66)(cid:66)(cid:66)(cid:66)
351,p0173,Date,Tx,,,,False,,,False,8,62.3272,174.169,121.646,190.153,62.3272,174.169,121.646,190.153,1.0,0.0,0.0,(cid:66)(cid:66)(cid:66)(cid:66)(cid:66)(cid:66)(cid:66)(cid:66)(cid:66)(cid:66)
352,p0173a,Bird Type,Tx,,,,False,,,False,8,130.329,173.641,260.99,189.195,130.329,173.641,260.99,189.195,1.0,0.0,0.0,(cid:66)(cid:66)(cid:66)(cid:66)(cid:66)(cid:66)(cid:66)(cid:66)(cid:66)(cid:66)(cid:66)(cid:66)(cid:66)(cid:66)(cid:66)(cid:66)(cid:66)(cid:66)(cid:66)(cid:66)(cid:66)
353,p0173b,Destination,Tx,,,,False,,,False,8,269.475,173.954,413.028,189.508,269.475,173.954,413.028,189.508,1.0,0.0,0.0,(cid:66)(cid:66)(cid:66)(cid:66)(cid:66)(cid:66)(cid:66)(cid:66)(cid:66)(cid:66)(cid:66)(cid:66)(cid:66)(cid:66)(cid:66)(cid:66)(cid:66)(cid:66)(cid:66)(cid:66)(cid:66)(cid:66)(cid:66)(cid:66)(cid:66)
354,p0173c,Transported By,Tx,,,,False,,,False,8,423.0,173.856,553.661,189.839,423.0,173.856,553.661,189.839,1.0,0.0,0.0,(cid:66)(cid:66)(cid:66)(cid:66)(cid:66)(cid:66)(cid:66)(cid:66)(cid:66)(cid:66)(cid:66)(cid:66)(cid:66)(cid:66)(cid:66)(cid:66)(cid:66)(cid:66)(cid:66)(cid:66)(cid:66)(cid:66)(cid:66)
355,p0174,Date,Tx,,,,False,,,False,8,61.3272,148.169,120.646,164.153,61.3272,148.169,120.646,164.153,1.0,0.0,0.0,(cid:66)(cid:66)(cid:66)(cid:66)(cid:66)(cid:66)(cid:66)(cid:66)(cid:66)(cid:66)
356,p0174a,Bird Type,Tx,,,,False,,,False,8,129.329,147.641,259.99,163.195,129.329,147.641,259.99,163.195,1.0,0.0,0.0,(cid:66)(cid:66)(cid:66)(cid:66)(cid:66)(cid:66)(cid:66)(cid:66)(cid:66)(cid:66)(cid:66)(cid:66)(cid:66)(cid:66)(cid:66)(cid:66)(cid:66)(cid:66)(cid:66)(cid:66)(cid:66)
357,p0174b,Destination,Tx,,,,False,,,False,8,268.475,147.954,412.028,163.508,268.475,147.954,412.028,163.508,1.0,0.0,0.0,(cid:66)(cid:66)(cid:66)(cid:66)(cid:66)(cid:66)(cid:66)(cid:66)(cid:66)(cid:66)(cid:66)(cid:66)(cid:66)(cid:66)(cid:66)(cid:66)(cid:66)(cid:66)(cid:66)(cid:66)(cid:66)(cid:66)(cid:66)(cid:66)(cid:66)
358,p0174c,Transported By,Tx,,,,False,,,False,8,422.0,147.856,552.661,163.41,422.0,147.856,552.661,163.41,1.0,0.0,0.0,(cid:66)(cid:66)(cid:66)(cid:66)(cid:66)(cid:66)(cid:66)(cid:66)(cid:66)(cid:66)(cid:66)(cid:66)(cid:66)(cid:66)(cid:66)(cid:66)(cid:66)(cid:66)(cid:66)(cid:66)(cid:66)(cid:66)(cid:66)
359,p0175,Date,Tx,,,,False,,,False,8,61.3272,122.169,120.646,138.153,61.3272,122.169,120.646,138.153,1.0,0.0,0.0,(cid:66)(cid:66)(cid:66)(cid:66)(cid:66)(cid:66)(cid:66)(cid:66)(cid:66)(cid:66)
360,p0175a,Bird Type,Tx,,,,False,,,False,8,129.329,121.641,259.99,137.195,129.329,121.641,259.99,137.195,1.0,0.0,0.0,(cid:66)(cid:66)(cid:66)(cid:66)(cid:66)(cid:66)(cid:66)(cid:66)(cid:66)(cid:66)(cid:66)(cid:66)(cid:66)(cid:66)(cid:66)(cid:66)(cid:66)(cid:66)(cid:66)(cid:66)(cid:66)
361,p0175b,Destination,Tx,,,,False,,,False,8,268.475,121.954,412.028,137.508,268.475,121.954,412.028,137.508,1.0,0.0,0.0,(cid:66)(cid:66)(cid:66)(cid:66)(cid:66)(cid:66)(cid:66)(cid:66)(cid:66)(cid:66)(cid:66)(cid:66)(cid:66)(cid:66)(cid:66)(cid:66)(cid:66)(cid:66)(cid:66)(cid:66)(cid:66)(cid:66)(cid:66)(cid:66)(cid:66)
362,p0175c,Transported By,Tx,,,,False,,,False,8,422.0,121.856,552.661,137.41,422.0,121.856,552.661,137.41,1.0,0.0,0.0,(cid:66)(cid:66)(cid:66)(cid:66)(cid:66)(cid:66)(cid:66)(cid:66)(cid:66)(cid:66)(cid:66)(cid:66)(cid:66)(cid:66)(cid:66)(cid:66)(cid:66)(cid:66)(cid:66)(cid:66)(cid:66)(cid:66)(cid:66)
363,p0176,Date,Tx,,,,False,,,False,8,61.3272,96.1691,120.646,112.153,61.3272,96.1691,120.646,112.153,1.0,0.0,0.0,(cid:66)(cid:66)(cid:66)(cid:66)(cid:66)(cid:66)(cid:66)(cid:66)(cid:66)(cid:66)
364,p0176a,Bird Type,Tx,,,,False,,,False,8,129.329,95.6407,259.99,111.195,129.329,95.6407,259.99,111.195,1.0,0.0,0.0,(cid:66)(cid:66)(cid:66)(cid:66)(cid:66)(cid:66)(cid:66)(cid:66)(cid:66)(cid:66)(cid:66)(cid:66)(cid:66)(cid:66)(cid:66)(cid:66)(cid:66)(cid:66)(cid:66)(cid:66)(cid:66)
365,p0176b,Destination,Tx,,,,False,,,False,8,268.475,95.9542,412.028,111.508,268.475,95.9542,412.028,111.508,1.0,0.0,0.0,(cid:66)(cid:66)(cid:66)(cid:66)(cid:66)(cid:66)(cid:66)(cid:66)(cid:66)(cid:66)(cid:66)(cid:66)(cid:66)(cid:66)(cid:66)(cid:66)(cid:66)(cid:66)(cid:66)(cid:66)(cid:66)(cid:66)(cid:66)(cid:66)(cid:66)
366,p0176c,Transported By,Tx,,,,False,,,False,8,422.0,95.8556,552.661,111.41,422.0,95.8556,552.661,111.41,1.0,0.0,0.0,(cid:66)(cid:66)(cid:66)(cid:66)(cid:66)(cid:66)(cid:66)(cid:66)(cid:66)(cid:66)(cid:66)(cid:66)(cid:66)(cid:66)(cid:66)(cid:66)(cid:66)(cid:66)(cid:66)(cid:66)(cid:66)(cid:66)(cid:66)
367,p0177,Date,Tx,,,,False,,,False,9,61.7402,702.052,121.06,718.036,61.7402,702.052,121.06,718.036,1.0,0.0,0.0,__________
368,p0177a,Bird Type,Tx,,,,False,,,False,9,129.742,701.524,260.403,717.078,129.742,701.524,260.403,717.078,1.0,0.0,0.0,_____________________
369,p0177c,Transported By,Tx,,,,False,,,False,9,422.413,701.739,553.074,717.293,422.413,701.739,553.074,717.293,1.0,0.0,0.0,_______________________
370,p0186,Egg Products Moved,Btn,49152,,,False,1|3,,False,9,465.646,275.838,520.342,286.962,465.646,275.838,520.342,286.962,1.0,0.0,0.0,(cid:134) (cid:134) Yes 1
371,p0181,Eggs Moved,Btn,49152,,,False,1|3,,False,9,465.646,535.838,520.342,546.962,465.646,535.838,520.342,546.962,1.0,0.0,0.0,(cid:134) (cid:134) Yes 1
372,p0178,Eggs Moved,Btn,49152,,,False,1|3,,False,9,465.646,646.628,520.342,657.752,465.646,646.628,520.342,657.752,1.0,0.0,0.0,(cid:134) (cid:134) Yes 1
373,p0179,Contract Crew,Btn,49152,,,False,1|3,,False,9,465.646,627.628,520.342,638.752,465.646,627.628,520.342,638.752,1.0,0.0,0.0,(cid:134) (cid:134) Yes 1
374,p0180,Farm Equipment,Btn,49152,,,False,1|3,,False,9,465.646,589.628,520.342,600.752,465.646,589.628,520.342,600.752,1.0,0.0,0.0,(cid:134) (cid:134) Yes 1
375,p0182b,Description of Eggs,Btn,49152,,,False,1|2|3,,False,9,247.646,416.628,436.985,427.752,247.646,416.628,436.985,427.752,1.0,0.0,0.0,(cid:134) (cid:134) (cid:134) Intended for hatching Nest run 1 2
376,p0177b,Destination,Tx,,,,False,,,False,9,268.888,701.838,412.441,717.392,268.888,701.838,412.441,717.392,1.0,0.0,0.0,_________________________
377,p0179oth,Company/Crew Name,Tx,,,,False,,,False,9,287.508,606.729,506.271,623.143,287.508,606.729,506.271,623.143,1.0,0.0,0.0,_______________________________________
378,p0180oth,Describe,Tx,,,,False,,,False,9,195.323,569.34,506.056,586.183,195.323,569.34,506.056,586.183,1.0,0.0,0.0,________________________________________________________
379,p0182,Source Name and Location,Tx,,,,False,,,False,9,61.7645,415.814,179.102,431.798,61.7645,415.814,179.102,431.798,1.0,0.0,0.0,____________________
380,p0182a,Date,Tx,,,,False,,,False,9,187.587,415.268,238.311,432.112,187.587,415.268,238.311,432.112,1.0,0.0,0.0,________
381,p0183b,Description of Eggs,Btn,49152,,,False,1|2|3,,False,9,248.265,387.984,437.604,399.108,248.265,387.984,437.604,399.108,1.0,0.0,0.0,(cid:134) (cid:134) (cid:134) Intended for hatching Nest run 1 2 3
382,p0184b,Description of Eggs,Btn,49152,,,False,2|3|1,,False,9,248.265,360.984,437.604,372.108,248.265,360.984,437.604,372.108,1.0,0.0,0.0,(cid:134) (cid:134) (cid:134) Intended for hatching Nest run 1 2 3
383,p0185b,Description of Eggs,Btn,49152,,,False,1|2|3,,False,9,248.265,332.984,437.604,344.108,248.265,332.984,437.604,344.108,1.0,0.0,0.0,(cid:134) (cid:134) (cid:134) Intended for hatching Nest run 1 2 3
384,p0185,Source Name and Location,Tx,,,,False,,,False,9,62.3835,332.17,179.721,348.154,62.3835,332.17,179.721,348.154,1.0,0.0,0.0,____________________
385,p0185a,Date,Tx,,,,False,,,False,9,188.207,331.624,238.93,348.468,188.207,331.624,238.93,348.468,1.0,0.0,0.0,________
386,p0184,Source Name and Location,Tx,,,,False,,,False,9,62.3835,360.17,179.721,376.154,62.3835,360.17,179.721,376.154,1.0,0.0,0.0,____________________
387,p0184a,Date,Tx,,,,False,,,False,9,188.207,359.624,238.93,376.468,188.207,359.624,238.93,376.468,1.0,0.0,0.0,________
388,p0183,Source Name and Location,Tx,,,,False,,,False,9,62.3835,387.17,179.721,403.154,62.3835,387.17,179.721,403.154,1.0,0.0,0.0,____________________
389,p0183a,Date,Tx,,,,False,,,False,9,188.207,386.624,238.93,403.468,188.207,386.624,238.93,403.468,1.0,0.0,0.0,________
390,p0187b,Description of Egg Products,Btn,49152,,,False,1|2,,False,9,249.277,157.464,336.973,168.588,249.277,157.464,336.973,168.588,1.0,0.0,0.0,(cid:134) (cid:134) Pasteurized 1
391,p0188b,Description of Egg Products,Btn,49152,,,False,1|2,,False,9,249.896,128.821,337.592,139.945,249.896,128.821,337.592,139.945,1.0,0.0,0.0,(cid:134) (cid:134) Pasteurized 1
392,p0189b,Description of Egg Products,Btn,49152,,,False,1|2,,False,9,249.896,101.821,337.592,112.945,249.896,101.821,337.592,112.945,1.0,0.0,0.0,(cid:134) (cid:134) Pasteurized 1
393,p0189,Source Name and Location,Tx,,,,False,,,False,9,64.0147,101.007,181.353,116.99,64.0147,101.007,181.353,116.99,1.0,0.0,0.0,____________________
394,p0189a,Date,Tx,,,,False,,,False,9,189.838,100.461,240.562,117.304,189.838,100.461,240.562,117.304,1.0,0.0,0.0,________
395,p0190,Source Name and Location,Tx,,,,False,,,False,10,64.0147,701.007,181.353,716.99,64.0147,701.007,181.353,716.99,1.0,0.0,0.0,(cid:66)(cid:66)(cid:66)(cid:66)(cid:66)(cid:66)(cid:66)(cid:66)(cid:66)(cid:66)(cid:66)(cid:66)(cid:66)(cid:66)(cid:66)(cid:66)(cid:66)(cid:66)(cid:66)(cid:66)
396,p0190a,Date,Tx,,,,False,,,False,10,189.838,700.461,240.562,717.304,189.838,700.461,240.562,717.304,1.0,0.0,0.0,(cid:66)(cid:66)(cid:66)(cid:66)(cid:66)(cid:66)(cid:66)(cid:66)
397,p0190b,Description of Egg Products,Btn,49152,,,False,1|2,,False,10,249.896,701.821,337.592,712.945,249.896,701.821,337.592,712.945,1.0,0.0,0.0,(cid:134) (cid:134) (cid:51)(cid:68)(cid:86)(cid:87)(cid:72)(cid:88)(cid:85)(cid:76)(cid:93)(cid:72)(cid:71) (cid:20)
398,p0187,Source Name and Location,Tx,,,,False,,,False,9,63.3957,156.65,180.734,172.634,63.3957,156.65,180.734,172.634,1.0,0.0,0.0,____________________
399,p0187a,Date,Tx,,,,False,,,False,9,189.219,156.104,239.943,172.948,189.219,156.104,239.943,172.948,1.0,0.0,0.0,________
400,p0188,Source Name and Location,Tx,,,,False,,,False,9,64.0147,128.007,181.353,143.99,64.0147,128.007,181.353,143.99,1.0,0.0,0.0,____________________
401,p0188a,Date,Tx,,,,False,,,False,9,189.838,127.461,240.562,144.304,189.838,127.461,240.562,144.304,1.0,0.0,0.0,________
402,p0191,Eggs Moved,Btn,49152,,,False,1|3,,False,10,465.646,645.838,520.342,656.962,465.646,645.838,520.342,656.962,1.0,0.0,0.0,(cid:134) (cid:134) (cid:60)(cid:72)(cid:86) (cid:20)
403,p0192,Source Name and Location,Tx,,,,False,,,False,10,61.7645,525.814,179.102,541.798,61.7645,525.814,179.102,541.798,1.0,0.0,0.0,(cid:66)(cid:66)(cid:66)(cid:66)(cid:66)(cid:66)(cid:66)(cid:66)(cid:66)(cid:66)(cid:66)(cid:66)(cid:66)(cid:66)(cid:66)(cid:66)(cid:66)(cid:66)(cid:66)(cid:66)
404,p0192a,Date,Tx,,,,False,,,False,10,187.587,525.268,238.311,542.112,187.587,525.268,238.311,542.112,1.0,0.0,0.0,(cid:66)(cid:66)(cid:66)(cid:66)(cid:66)(cid:66)(cid:66)(cid:66)
405,p0192b,Description of Eggs,Btn,49152,,,False,1|2|3,,False,10,247.646,526.628,436.985,537.752,247.646,526.628,436.985,537.752,1.0,0.0,0.0,(cid:134) (cid:134) (cid:49)(cid:72)(cid:86)(cid:87)(cid:85)(cid:88)(cid:81)(cid:3)(cid:134) (cid:44)(cid:81)(cid:87)(cid:72)(cid:81)(cid:71)(cid:72)(cid:71)(cid:3)(cid:73)(cid:82)(cid:85)(cid:75)(cid:68)(cid:87)(cid:70)(cid:75)(cid:76)(cid:81)(cid:74) (cid:20) (cid:21)
406,p0193,Source Name and Location,Tx,,,,False,,,False,10,62.3835,497.17,179.721,513.154,62.3835,497.17,179.721,513.154,1.0,0.0,0.0,(cid:66)(cid:66)(cid:66)(cid:66)(cid:66)(cid:66)(cid:66)(cid:66)(cid:66)(cid:66)(cid:66)(cid:66)(cid:66)(cid:66)(cid:66)(cid:66)(cid:66)(cid:66)(cid:66)(cid:66)
407,p0193a,Date,Tx,,,,False,,,False,10,188.207,496.624,238.93,513.468,188.207,496.624,238.93,513.468,1.0,0.0,0.0,(cid:66)(cid:66)(cid:66)(cid:66)(cid:66)(cid:66)(cid:66)(cid:66)
408,p0193b,Description of Eggs,Btn,49152,,,False,1|2|3,,False,10,248.265,497.984,437.604,509.108,248.265,497.984,437.604,509.108,1.0,0.0,0.0,(cid:134) (cid:134) (cid:49)(cid:72)(cid:86)(cid:87)(cid:85)(cid:88)(cid:81)(cid:3)(cid:134) (cid:44)(cid:81)(cid:87)(cid:72)(cid:81)(cid:71)(cid:72)(cid:71)(cid:3)(cid:73)(cid:82)(cid:85)(cid:75)(cid:68)(cid:87)(cid:70)(cid:75)(cid:76)(cid:81)(cid:74) (cid:20) (cid:21) (cid:22)
409,p0194,Source Name and Location,Tx,,,,False,,,False,10,62.3835,470.17,179.721,486.154,62.3835,470.17,179.721,486.154,1.0,0.0,0.0,(cid:66)(cid:66)(cid:66)(cid:66)(cid:66)(cid:66)(cid:66)(cid:66)(cid:66)(cid:66)(cid:66)(cid:66)(cid:66)(cid:66)(cid:66)(cid:66)(cid:66)(cid:66)(cid:66)(cid:66)
410,p0194a,Date,Tx,,,,False,,,False,10,188.207,469.624,238.93,486.468,188.207,469.624,238.93,486.468,1.0,0.0,0.0,(cid:66)(cid:66)(cid:66)(cid:66)(cid:66)(cid:66)(cid:66)(cid:66)
411,p0194b,Description of Eggs,Btn,49152,,,False,1|2|3,,False,10,248.265,470.984,437.604,482.108,248.265,470.984,437.604,482.108,1.0,0.0,0.0,(cid:134) (cid:134) (cid:49)(cid:72)(cid:86)(cid:87)(cid:85)(cid:88)(cid:81)(cid:3)(cid:134) (cid:44)(cid:81)(cid:87)(cid:72)(cid:81)(cid:71)(cid:72)(cid:71)(cid:3)(cid:73)(cid:82)(cid:85)(cid:75)(cid:68)(cid:87)(cid:70)(cid:75)(cid:76)(cid:81)(cid:74) (cid:20) (cid:21) (cid:22)
412,p0195,Source Name and Location,Tx,,,,False,,,False,10,62.3835,442.17,179.721,458.154,62.3835,442.17,179.721,458.154,1.0,0.0,0.0,(cid:66)(cid:66)(cid:66)(cid:66)(cid:66)(cid:66)(cid:66)(cid:66)(cid:66)(cid:66)(cid:66)(cid:66)(cid:66)(cid:66)(cid:66)(cid:66)(cid:66)(cid:66)(cid:66)(cid:66)
413,p0195a,Date,Tx,,,,False,,,False,10,188.207,441.624,238.93,458.468,188.207,441.624,238.93,458.468,1.0,0.0,0.0,(cid:66)(cid:66)(cid:66)(cid:66)(cid:66)(cid:66)(cid:66)(cid:66)
414,p0195b,Description of Eggs,Btn,49152,,,False,1|2|3,,False,10,248.265,442.984,437.604,454.108,248.265,442.984,437.604,454.108,1.0,0.0,0.0,(cid:134) (cid:134) (cid:49)(cid:72)(cid:86)(cid:87)(cid:85)(cid:88)(cid:81)(cid:3)(cid:134) (cid:44)(cid:81)(cid:87)(cid:72)(cid:81)(cid:71)(cid:72)(cid:71)(cid:3)(cid:73)(cid:82)(cid:85)(cid:75)(cid:68)(cid:87)(cid:70)(cid:75)(cid:76)(cid:81)(cid:74) (cid:20) (cid:21) (cid:22)
415,p0196,Egg Products Moved,Btn,49152,,,False,1|3,,False,10,465.646,385.838,520.342,396.962,465.646,385.838,520.342,396.962,1.0,0.0,0.0,(cid:134) (cid:134) (cid:60)(cid:72)(cid:86) (cid:20)
416,p0197,Source Name and Location,Tx,,,,False,,,False,10,63.3957,266.65,180.734,282.634,63.3957,266.65,180.734,282.634,1.0,0.0,0.0,(cid:66)(cid:66)(cid:66)(cid:66)(cid:66)(cid:66)(cid:66)(cid:66)(cid:66)(cid:66)(cid:66)(cid:66)(cid:66)(cid:66)(cid:66)(cid:66)(cid:66)(cid:66)(cid:66)(cid:66)
417,p0197a,Date,Tx,,,,False,,,False,10,189.219,266.104,239.943,282.948,189.219,266.104,239.943,282.948,1.0,0.0,0.0,(cid:66)(cid:66)(cid:66)(cid:66)(cid:66)(cid:66)(cid:66)(cid:66)
418,p0197b,Description of Egg Products,Btn,49152,,,False,1|2,,False,10,249.277,267.464,336.973,278.588,249.277,267.464,336.973,278.588,1.0,0.0,0.0,(cid:134) (cid:134) (cid:51)(cid:68)(cid:86)(cid:87)(cid:72)(cid:88)(cid:85)(cid:76)(cid:93)(cid:72)(cid:71) (cid:20)
419,p0198,Source Name and Location,Tx,,,,False,,,False,10,64.0147,238.007,181.353,253.99,64.0147,238.007,181.353,253.99,1.0,0.0,0.0,(cid:66)(cid:66)(cid:66)(cid:66)(cid:66)(cid:66)(cid:66)(cid:66)(cid:66)(cid:66)(cid:66)(cid:66)(cid:66)(cid:66)(cid:66)(cid:66)(cid:66)(cid:66)(cid:66)(cid:66)
420,p0198a,Date,Tx,,,,False,,,False,10,189.838,237.461,240.562,254.304,189.838,237.461,240.562,254.304,1.0,0.0,0.0,(cid:66)(cid:66)(cid:66)(cid:66)(cid:66)(cid:66)(cid:66)(cid:66)
421,p0198b,Description of Egg Products,Btn,49152,,,False,1|2,,False,10,249.896,238.821,337.592,249.945,249.896,238.821,337.592,249.945,1.0,0.0,0.0,(cid:134) (cid:134) (cid:51)(cid:68)(cid:86)(cid:87)(cid:72)(cid:88)(cid:85)(cid:76)(cid:93)(cid:72)(cid:71) (cid:20)
422,p0199b,Description of Egg Products,Btn,49152,,,False,1|2,,False,10,249.896,211.821,337.592,222.945,249.896,211.821,337.592,222.945,1.0,0.0,0.0,(cid:134) (cid:134) (cid:51)(cid:68)(cid:86)(cid:87)(cid:72)(cid:88)(cid:85)(cid:76)(cid:93)(cid:72)(cid:71) (cid:20)
423,p0199,Source Name and Location,Tx,,,,False,,,False,10,64.0147,211.007,181.353,226.99,64.0147,211.007,181.353,226.99,1.0,0.0,0.0,(cid:66)(cid:66)(cid:66)(cid:66)(cid:66)(cid:66)(cid:66)(cid:66)(cid:66)(cid:66)(cid:66)(cid:66)(cid:66)(cid:66)(cid:66)(cid:66)(cid:66)(cid:66)(cid:66)(cid:66)
424,p0199a,Date,Tx,,,,False,,,False,10,189.838,210.461,240.562,227.304,189.838,210.461,240.562,227.304,1.0,0.0,0.0,(cid:66)(cid:66)(cid:66)(cid:66)(cid:66)(cid:66)(cid:66)(cid:66)
425,p0200a,Date,Tx,,,,False,,,False,10,190.028,181.791,240.752,198.635,190.028,181.791,240.752,198.635,1.0,0.0,0.0,(cid:66)(cid:66)(cid:66)(cid:66)(cid:66)(cid:66)(cid:66)(cid:66)
426,p0200b,Description of Egg Products,Btn,49152,,,False,1|2,,False,10,250.087,183.151,337.783,194.275,250.087,183.151,337.783,194.275,1.0,0.0,0.0,(cid:134) (cid:134) (cid:51)(cid:68)(cid:86)(cid:87)(cid:72)(cid:88)(cid:85)(cid:76)(cid:93)(cid:72)(cid:71) (cid:20)
427,p0300,Domestic Birds Outdoors,Btn,49152,,,False,1|3,,False,10,465.646,97.3933,520.342,108.517,465.646,97.3933,520.342,108.517,1.0,0.0,0.0,(cid:134) (cid:134) (cid:60)(cid:72)(cid:86) (cid:20)
428,p0301,Water Bodies,Btn,49152,,,False,1|3,,False,11,465.646,690.838,520.342,701.962,465.646,690.838,520.342,701.962,1.0,0.0,0.0,(cid:134) (cid:134) (cid:60)(cid:72)(cid:86) (cid:20)
429,p0302,Unfrozen Water,Btn,49152,,,False,1|3,,False,11,465.646,652.92,520.342,664.044,465.646,652.92,520.342,664.044,1.0,0.0,0.0,(cid:134) (cid:134) (cid:60)(cid:72)(cid:86) (cid:20)
430,p0303,Ducks,Btn,49152,,,False,1|2|3|4|5,,False,11,232.646,581.999,473.985,593.123,232.646,581.999,473.985,593.123,1.0,0.0,0.0,(cid:134) (cid:134) (cid:134) (cid:134) (cid:49)(cid:82)(cid:81)(cid:72) (cid:55)(cid:72)(cid:81)(cid:86) (cid:43)(cid:88)(cid:81)(cid:71)(cid:85)(cid:72)(cid:71)(cid:86) (cid:55)(cid:75)(cid:82)(cid:88)(cid:86)(cid:68)(cid:81)(cid:71)(cid:86) (cid:20) (cid:21) (cid:22) (cid:23)
431,p0304,Geese,Btn,49152,,,False,1|2|3|4|5,,False,11,232.324,561.999,473.664,573.123,232.324,561.999,473.664,573.123,1.0,0.0,0.0,(cid:134) (cid:134) (cid:134) (cid:134) (cid:49)(cid:82)(cid:81)(cid:72) (cid:55)(cid:72)(cid:81)(cid:86) (cid:43)(cid:88)(cid:81)(cid:71)(cid:85)(cid:72)(cid:71)(cid:86) (cid:55)(cid:75)(cid:82)(cid:88)(cid:86)(cid:68)(cid:81)(cid:71)(cid:86) (cid:20) (cid:21) (cid:22) (cid:23)
432,p0305,Shorebirds,Btn,49152,,,False,1|2|3|4|5,,False,11,233.324,524.999,474.664,536.123,233.324,524.999,474.664,536.123,1.0,0.0,0.0,(cid:134) (cid:134) (cid:134) (cid:134) (cid:49)(cid:82)(cid:81)(cid:72) (cid:55)(cid:72)(cid:81)(cid:86) (cid:43)(cid:88)(cid:81)(cid:71)(cid:85)(cid:72)(cid:71)(cid:86) (cid:55)(cid:75)(cid:82)(cid:88)(cid:86)(cid:68)(cid:81)(cid:71)(cid:86) (cid:20) (cid:21) (cid:22) (cid:23) (cid:24)
433,p0306,Other,Btn,49152,,,False,1|2|3|4|5,,False,11,232.324,487.999,473.664,499.123,232.324,487.999,473.664,499.123,1.0,0.0,0.0,(cid:134) (cid:134) (cid:134) (cid:134) (cid:49)(cid:82)(cid:81)(cid:72) (cid:55)(cid:72)(cid:81)(cid:86) (cid:43)(cid:88)(cid:81)(cid:71)(cid:85)(cid:72)(cid:71)(cid:86) (cid:55)(cid:75)(cid:82)(cid:88)(cid:86)(cid:68)(cid:81)(cid:71)(cid:86) (cid:20) (cid:21) (cid:22) (cid:23)
434,p0310,Ducks,Btn,49152,,,False,1|2|3|4|5,,False,11,232.324,341.969,473.664,353.093,232.324,341.969,473.664,353.093,1.0,0.0,0.0,(cid:134) (cid:134) (cid:134) (cid:134) (cid:49)(cid:82)(cid:81)(cid:72) (cid:55)(cid:72)(cid:81)(cid:86) (cid:43)(cid:88)(cid:81)(cid:71)(cid:85)(cid:72)(cid:71)(cid:86) (cid:55)(cid:75)(cid:82)(cid:88)(cid:86)(cid:68)(cid:81)(cid:71)(cid:86) (cid:20) (cid:21) (cid:22) (cid:23)
435,p0200,Source Name and Location,Tx,,,,False,,,False,10,64.2052,182.337,181.543,198.321,64.2052,182.337,181.543,198.321,1.0,0.0,0.0,(cid:66)(cid:66)(cid:66)(cid:66)(cid:66)(cid:66)(cid:66)(cid:66)(cid:66)(cid:66)(cid:66)(cid:66)(cid:66)(cid:66)(cid:66)(cid:66)(cid:66)(cid:66)(cid:66)(cid:66)
436,p0306oth,Other,Tx,,,,False,,,False,11,192.276,505.092,460.462,519.357,192.276,505.092,460.462,519.357,1.0,0.0,0.0,(cid:50)(cid:87)(cid:75)(cid:72)(cid:85)(cid:11)(cid:86)(cid:83)(cid:72)(cid:70)(cid:76)(cid:73)(cid:92)(cid:29)(cid:66)(cid:66)(cid:66)(cid:66)(cid:66)(cid:66)(cid:66)(cid:66)(cid:66)(cid:66)(cid:66)(cid:66)(cid:66)(cid:66)(cid:66)(cid:66)(cid:66)(cid:66)(cid:66)(cid:66)(cid:66)(cid:66)(cid:66)(cid:66)(cid:66)(cid:66)(cid:66)(cid:66)(cid:66)(cid:66)(cid:66)(cid:66)(cid:66)(cid:66)(cid:66)(cid:66)(cid:66)(cid:66)(cid:66)(cid:66)(cid:66)(cid:66)(cid:66)(cid:66)(cid:66)(cid:66)(cid:66)(cid:66)(cid:83)(cid:19)(cid:22)(cid:19)(cid:25)(cid:82)(cid:87)(cid:75)(cid:12)
437,p0311,Geese,Btn,49152,,,False,1|2|3|4|5,,False,11,232.849,322.825,474.188,333.949,232.849,322.825,474.188,333.949,1.0,0.0,0.0,(cid:134) (cid:134) (cid:134) (cid:134) (cid:49)(cid:82)(cid:81)(cid:72) (cid:55)(cid:72)(cid:81)(cid:86) (cid:43)(cid:88)(cid:81)(cid:71)(cid:85)(cid:72)(cid:71)(cid:86) (cid:55)(cid:75)(cid:82)(cid:88)(cid:86)(cid:68)(cid:81)(cid:71)(cid:86) (cid:20) (cid:21) (cid:22) (cid:23)
438,p0312,Shorebirds,Btn,49152,,,False,1|2|3|4|5,,False,11,232.849,285.825,474.188,296.949,232.849,285.825,474.188,296.949,1.0,0.0,0.0,(cid:134) (cid:134) (cid:134) (cid:134) (cid:49)(cid:82)(cid:81)(cid:72) (cid:55)(cid:72)(cid:81)(cid:86) (cid:43)(cid:88)(cid:81)(cid:71)(cid:85)(cid:72)(cid:71)(cid:86) (cid:55)(cid:75)(cid:82)(cid:88)(cid:86)(cid:68)(cid:81)(cid:71)(cid:86) (cid:20) (cid:21) (cid:22) (cid:23)
439,p0313,Other,Btn,49152,,,False,1|2|3|4|5,,False,11,232.849,248.825,474.188,259.949,232.849,248.825,474.188,259.949,1.0,0.0,0.0,(cid:134) (cid:134) (cid:134) (cid:134) (cid:49)(cid:82)(cid:81)(cid:72) (cid:55)(cid:72)(cid:81)(cid:86) (cid:43)(cid:88)(cid:81)(cid:71)(cid:85)(cid:72)(cid:71)(cid:86) (cid:55)(cid:75)(cid:82)(cid:88)(cid:86)(cid:68)(cid:81)(cid:71)(cid:86) (cid:20) (cid:21) (cid:22) (cid:23)
440,p0309,Field Worked,Btn,49152,,,False,1|3|4,,False,11,389.324,397.598,482.664,408.722,389.324,397.598,482.664,408.722,1.0,0.0,0.0,(cid:134) (cid:134) (cid:134) (cid:60)(cid:72)(cid:86) (cid:49)(cid:82) (cid:20) (cid:22)
441,p0308,Field Tilled,Btn,49152,,,False,1|3|4,,False,11,390.324,434.598,483.664,445.722,390.324,434.598,483.664,445.722,1.0,0.0,0.0,(cid:134) (cid:134) (cid:134) (cid:60)(cid:72)(cid:86) (cid:49)(cid:82) (cid:20) (cid:22) (cid:23)
442,p0307,Yards,Tx,,,,False,,,False,11,454.258,451.798,515.296,466.063,454.258,451.798,515.296,466.063,1.0,0.0,0.0,
443,p0314,Supplemental Feed,Btn,49152,,,False,1|3|na|4,,False,11,349.324,193.825,477.664,204.949,349.324,193.825,477.664,204.949,1.0,0.0,0.0,(cid:134) (cid:134) (cid:134)(cid:49)(cid:36)(cid:3) (cid:134) (cid:60)(cid:72)(cid:86) (cid:49)(cid:82) (cid:20) (cid:22)
444,p0315,Waterfowl,Btn,49152,,,False,1|2|3,,False,11,400.324,115.4,520.664,126.524,400.324,115.4,520.664,126.524,1.0,0.0,0.0,(cid:134) (cid:134) (cid:134) (cid:20) (cid:21)
445,p0316,Gulls,Btn,49152,,,False,1|2|3,,False,11,399.824,89.3999,520.164,100.524,399.824,89.3999,520.164,100.524,1.0,0.0,0.0,(cid:134) (cid:134) (cid:134) (cid:20) (cid:21)
446,p0317,Other Water Birds,Btn,49152,,,False,1|2|3,,False,12,399.574,701.855,519.914,712.979,399.574,701.855,519.914,712.979,1.0,0.0,0.0,(cid:134) (cid:134) (cid:134) (cid:20) (cid:21)
447,p0318,Small Perching Birds,Btn,49152,,,False,1|2|3,,False,12,399.574,675.855,519.914,686.979,399.574,675.855,519.914,686.979,1.0,0.0,0.0,(cid:134) (cid:134) (cid:134) (cid:20) (cid:21)
448,p0319,Blackbirds Crows,Btn,49152,,,False,1|2|3,,False,12,400.074,649.552,520.414,660.676,400.074,649.552,520.414,660.676,1.0,0.0,0.0,(cid:134) (cid:134) (cid:134) (cid:20) (cid:21)
449,p0320,Turkeys etc,Btn,49152,,,False,1|2|3,,False,12,399.824,624.703,520.164,635.828,399.824,624.703,520.164,635.828,1.0,0.0,0.0,(cid:134) (cid:134) (cid:134) (cid:20) (cid:21)
450,p0321,Raptors,Btn,49152,,,False,1|2|3,,False,12,399.824,598.703,520.164,609.828,399.824,598.703,520.164,609.828,1.0,0.0,0.0,(cid:134) (cid:134) (cid:134) (cid:20) (cid:21)
451,p0322,Pigeons Doves,Btn,49152,,,False,1|2|3,,False,12,399.824,572.703,520.164,583.828,399.824,572.703,520.164,583.828,1.0,0.0,0.0,(cid:134) (cid:134) (cid:134) (cid:20) (cid:21)
452,p0323,Other,Btn,49152,,,False,1|2|3,,False,12,400.324,546.4,520.664,557.524,400.324,546.4,520.664,557.524,1.0,0.0,0.0,(cid:134) (cid:134) (cid:134) (cid:20) (cid:21)
453,p0313oth,Other,Tx,,,,False,,,False,11,174.8,265.918,442.986,280.182,174.8,265.918,442.986,280.182,1.0,0.0,0.0,(cid:50)(cid:87)(cid:75)(cid:72)(cid:85)(cid:11)(cid:86)(cid:83)(cid:72)(cid:70)(cid:76)(cid:73)(cid:92)(cid:29)(cid:66)(cid:66)(cid:66)(cid:66)(cid:66)(cid:66)(cid:66)(cid:66)(cid:66)(cid:66)(cid:66)(cid:66)(cid:66)(cid:66)(cid:66)(cid:66)(cid:66)(cid:66)(cid:66)(cid:66)(cid:66)(cid:66)(cid:66)(cid:66)(cid:66)(cid:66)(cid:66)(cid:66)(cid:66)(cid:66)(cid:66)(cid:66)(cid:66)(cid:66)(cid:66)(cid:66)(cid:66)(cid:66)(cid:66)(cid:66)(cid:66)(cid:66)(cid:66)(cid:66)(cid:66)(cid:66)(cid:66)(cid:66)(cid:83)(cid:19)(cid:22)(cid:20)(cid:22)(cid:82)(cid:87)(cid:75)(cid:12)
454,p0326,Wild Birds,Btn,49152,,,False,1|3,,False,12,465.896,417.711,520.592,428.835,465.896,417.711,520.592,428.835,1.0,0.0,0.0,(cid:134) (cid:134) (cid:60)(cid:72)(cid:86) (cid:20)
455,p0327,Wild Mammals,Btn,49152,,,False,1|3,,False,12,464.896,397.711,520.592,408.835,464.896,397.711,520.592,408.835,1.0,0.0,0.0,(cid:134) (cid:134) (cid:60)(cid:72)(cid:86) (cid:20)
456,p0328,Additional Info,Btn,49152,,,False,1|3,,False,12,465.396,360.408,520.092,371.532,465.396,360.408,520.092,371.532,1.0,0.0,0.0,(cid:134) (cid:134) (cid:60)(cid:72)(cid:86) (cid:20)
457,p0325,Wildlife Plan,Btn,49152,,,False,1|3|4,,False,12,390.146,472.559,482.842,484.153,390.146,472.559,482.842,484.153,1.0,0.0,0.0,(cid:134) (cid:134) (cid:134) (cid:60)(cid:72)(cid:86) (cid:49)(cid:82) (cid:20) (cid:22)
458,p0324,Wild Mammals,Btn,49152,,,False,1|3,,False,12,466.146,492.559,520.842,503.683,466.146,492.559,520.842,503.683,1.0,0.0,0.0,(cid:134) (cid:134) (cid:60)(cid:72)(cid:86) (cid:20)
459,p0109c,Use Ctrl or Shift to select multiple,Ch,2097152,Select (Ctrl for multi),Select (Ctrl for multi),True,"Select (Ctrl for multi)|['Poultry', 'Poultry']|['Cattle Dairy', 'Cattle Dairy']|['Cattle Beef', 'Cattle Beef']|['Swine', 'Swine']|['Goat Dairy', 'Goat Dairy']|['Goat Meat', 'Goat Meat']|['Sheep', 'Sheep']",Select (Ctrl for multi)|Poultry|Cattle Dairy|Cattle Beef|Swine|Goat Dairy|Goat Meat|Sheep,True,4,361.004,484.918,448.111,503.627,361.004,484.918,448.111,503.627,1.0,0.0,0.0,Select (Ctrl for mult (cid:66)(cid:66)(cid:66)(cid:66)(cid:66)(cid:66)(cid:66)(cid:66)(cid:66)(cid:66)(cid:66)(cid:66)(cid:66)(cid:66)
460,p0110c,Use Ctrl or Shift to select multiple,Ch,2097152,Select (Ctrl for multi),Select (Ctrl for multi),True,"Select (Ctrl for multi)|['Poultry', 'Poultry']|['Cattle Dairy', 'Cattle Dairy']|['Cattle Beef', 'Cattle Beef']|['Swine', 'Swine']|['Goat Dairy', 'Goat Dairy']|['Goat Meat', 'Goat Meat']|['Sheep', 'Sheep']",Select (Ctrl for multi)|Poultry|Cattle Dairy|Cattle Beef|Swine|Goat Dairy|Goat Meat|Sheep,True,4,361.717,444.419,448.824,463.128,361.717,444.419,448.824,463.128,1.0,0.0,0.0,Select (Ctrl for mult (cid:66)(cid:66)(cid:66)(cid:66)(cid:66)(cid:66)(cid:66)(cid:66)(cid:66)(cid:66)(cid:66)(cid:66)(cid:66)(cid:66)
461,p0111c,Use Ctrl or Shift to select multiple,Ch,2097152,Select (Ctrl for multi),Select (Ctrl for multi),True,"Select (Ctrl for multi)|['Poultry', 'Poultry']|['Cattle Dairy', 'Cattle Dairy']|['Cattle Beef', 'Cattle Beef']|['Swine', 'Swine']|['Goat Dairy', 'Goat Dairy']|['Goat Meat', 'Goat Meat']|['Sheep', 'Sheep']",Select (Ctrl for multi)|Poultry|Cattle Dairy|Cattle Beef|Swine|Goat Dairy|Goat Meat|Sheep,True,4,361.385,403.493,448.492,422.202,361.385,403.493,448.492,422.202,1.0,0.0,0.0,Select (Ctrl for mult (cid:66)(cid:66)(cid:66)(cid:66)(cid:66)(cid:66)(cid:66)(cid:66)(cid:66)(cid:66)(cid:66)(cid:66)(cid:66)(cid:66)
462,p0133d,Use Ctrl or Shift to select multiple,Ch,2097152,Select (Ctrl for multi),Select (Ctrl for multi),True,"Select (Ctrl for multi)|['Poultry', 'Poultry']|['Cattle Dairy', 'Cattle Dairy']|['Cattle Beef', 'Cattle Beef']|['Swine', 'Swine']|['Goat Dairy', 'Goat Dairy']|['Goat Meat', 'Goat Meat']|['Sheep', 'Sheep']",Select (Ctrl for multi)|Poultry|Cattle Dairy|Cattle Beef|Swine|Goat Dairy|Goat Meat|Sheep,True,6,496.431,482.901,557.322,505.478,496.431,482.901,557.322,505.478,1.0,0.0,0.0,Select (Ctrl fo _ _ _ _ _ ____ P o u lt r y
463,p0134d,Use Ctrl or Shift to select multiple,Ch,2097152,Select (Ctrl for multi),Select (Ctrl for multi),True,"Select (Ctrl for multi)|['Poultry', 'Poultry']|['Cattle Dairy', 'Cattle Dairy']|['Cattle Beef', 'Cattle Beef']|['Swine', 'Swine']|['Goat Dairy', 'Goat Dairy']|['Goat Meat', 'Goat Meat']|['Sheep', 'Sheep']",Select (Ctrl for multi)|Poultry|Cattle Dairy|Cattle Beef|Swine|Goat Dairy|Goat Meat|Sheep,True,6,496.019,447.642,556.91,470.219,496.019,447.642,556.91,470.219,1.0,0.0,0.0,Select (Ctrl fo _ _ _ _ _ ____ P o u lt r y
464,p0135d,Use Ctrl or Shift to select multiple,Ch,2097152,Select (Ctrl for multi),Select (Ctrl for multi),True,"Select (Ctrl for multi)|['Poultry', 'Poultry']|['Cattle Dairy', 'Cattle Dairy']|['Cattle Beef', 'Cattle Beef']|['Swine', 'Swine']|['Goat Dairy', 'Goat Dairy']|['Goat Meat', 'Goat Meat']|['Sheep', 'Sheep']",Select (Ctrl for multi)|Poultry|Cattle Dairy|Cattle Beef|Swine|Goat Dairy|Goat Meat|Sheep,True,6,496.117,411.873,557.009,434.45,496.117,411.873,557.009,434.45,1.0,0.0,0.0,Select (Ctrl fo _ _ _ _ _ ____ P o u lt r y
465,p0136d,Use Ctrl or Shift to select multiple,Ch,2097152,Select (Ctrl for multi),Select (Ctrl for multi),True,"Select (Ctrl for multi)|['Poultry', 'Poultry']|['Cattle Dairy', 'Cattle Dairy']|['Cattle Beef', 'Cattle Beef']|['Swine', 'Swine']|['Goat Dairy', 'Goat Dairy']|['Goat Meat', 'Goat Meat']|['Sheep', 'Sheep']",Select (Ctrl for multi)|Poultry|Cattle Dairy|Cattle Beef|Swine|Goat Dairy|Goat Meat|Sheep,True,6,495.356,377.393,556.248,399.97,495.356,377.393,556.248,399.97,1.0,0.0,0.0,Select (Ctrl fo _ _ _ _ _____ P o u lt ry
466,p0137d,Use Ctrl or Shift to select multiple,Ch,2097152,Select (Ctrl for multi),Select (Ctrl for multi),True,"Select (Ctrl for multi)|['Poultry', 'Poultry']|['Cattle Dairy', 'Cattle Dairy']|['Cattle Beef', 'Cattle Beef']|['Swine', 'Swine']|['Goat Dairy', 'Goat Dairy']|['Goat Meat', 'Goat Meat']|['Sheep', 'Sheep']",Select (Ctrl for multi)|Poultry|Cattle Dairy|Cattle Beef|Swine|Goat Dairy|Goat Meat|Sheep,True,6,495.885,342.054,556.776,364.63,495.885,342.054,556.776,364.63,1.0,0.0,0.0,Select (Ctrl fo _ _ _ _ _ ____ P o u lt r y
467,p0138d,Use Ctrl or Shift to select multiple,Ch,2097152,Select (Ctrl for multi),Select (Ctrl for multi),True,"Select (Ctrl for multi)|['Poultry', 'Poultry']|['Cattle Dairy', 'Cattle Dairy']|['Cattle Beef', 'Cattle Beef']|['Swine', 'Swine']|['Goat Dairy', 'Goat Dairy']|['Goat Meat', 'Goat Meat']|['Sheep', 'Sheep']",Select (Ctrl for multi)|Poultry|Cattle Dairy|Cattle Beef|Swine|Goat Dairy|Goat Meat|Sheep,True,6,496.413,306.714,557.304,329.291,496.413,306.714,557.304,329.291,1.0,0.0,0.0,Select (Ctrl fo _ _ _ _ _ ____ P o u lt r y
468,p0139d,Use Ctrl or Shift to select multiple,Ch,2097152,Select (Ctrl for multi),Select (Ctrl for multi),True,"Select (Ctrl for multi)|['Poultry', 'Poultry']|['Cattle Dairy', 'Cattle Dairy']|['Cattle Beef', 'Cattle Beef']|['Swine', 'Swine']|['Goat Dairy', 'Goat Dairy']|['Goat Meat', 'Goat Meat']|['Sheep', 'Sheep']",Select (Ctrl for multi)|Poultry|Cattle Dairy|Cattle Beef|Swine|Goat Dairy|Goat Meat|Sheep,True,6,496.082,271.375,556.973,293.951,496.082,271.375,556.973,293.951,1.0,0.0,0.0,Select (Ctrl fo _ _ _ _ _ ____ P o u lt r y
469,p0140d,Use Ctrl or Shift to select multiple,Ch,2097152,Select (Ctrl for multi),Select (Ctrl for multi),True,"Select (Ctrl for multi)|['Poultry', 'Poultry']|['Cattle Dairy', 'Cattle Dairy']|['Cattle Beef', 'Cattle Beef']|['Swine', 'Swine']|['Goat Dairy', 'Goat Dairy']|['Goat Meat', 'Goat Meat']|['Sheep', 'Sheep']",Select (Ctrl for multi)|Poultry|Cattle Dairy|Cattle Beef|Swine|Goat Dairy|Goat Meat|Sheep,True,6,496.181,236.465,557.072,259.042,496.181,236.465,557.072,259.042,1.0,0.0,0.0,Select (Ctrl fo _ _ _ _ _ ____ P o u lt r y
470,p0141d,Use Ctrl or Shift to select multiple,Ch,2097152,Select (Ctrl for multi),Select (Ctrl for multi),True,"Select (Ctrl for multi)|['Poultry', 'Poultry']|['Cattle Dairy', 'Cattle Dairy']|['Cattle Beef', 'Cattle Beef']|['Swine', 'Swine']|['Goat Dairy', 'Goat Dairy']|['Goat Meat', 'Goat Meat']|['Sheep', 'Sheep']",Select (Ctrl for multi)|Poultry|Cattle Dairy|Cattle Beef|Swine|Goat Dairy|Goat Meat|Sheep,True,6,496.279,201.555,557.171,224.132,496.279,201.555,557.171,224.132,1.0,0.0,0.0,Select (Ctrl fo _ _ _ _ _ ____ P o u lt r y
471,p0142d,Use Ctrl or Shift to select multiple,Ch,2097152,Select (Ctrl for multi),Select (Ctrl for multi),True,"Select (Ctrl for multi)|['Poultry', 'Poultry']|['Cattle Dairy', 'Cattle Dairy']|['Cattle Beef', 'Cattle Beef']|['Swine', 'Swine']|['Goat Dairy', 'Goat Dairy']|['Goat Meat', 'Goat Meat']|['Sheep', 'Sheep']",Select (Ctrl for multi)|Poultry|Cattle Dairy|Cattle Beef|Swine|Goat Dairy|Goat Meat|Sheep,True,6,496.378,166.216,557.269,188.792,496.378,166.216,557.269,188.792,1.0,0.0,0.0,Select (Ctrl fo _ _ _ _ _ ____ P o u lt r y
472,p0143d,Use Ctrl or Shift to select multiple,Ch,2097152,Select (Ctrl for multi),Select (Ctrl for multi),True,"Select (Ctrl for multi)|['Poultry', 'Poultry']|['Cattle Dairy', 'Cattle Dairy']|['Cattle Beef', 'Cattle Beef']|['Swine', 'Swine']|['Goat Dairy', 'Goat Dairy']|['Goat Meat', 'Goat Meat']|['Sheep', 'Sheep']",Select (Ctrl for multi)|Poultry|Cattle Dairy|Cattle Beef|Swine|Goat Dairy|Goat Meat|Sheep,True,6,496.477,130.876,557.368,153.453,496.477,130.876,557.368,153.453,1.0,0.0,0.0,Select (Ctrl fo _ _ _ _ _ ____ P o u l tr y
473,p0144d,Use Ctrl or Shift to select multiple,Ch,2097152,Select (Ctrl for multi),Select (Ctrl for multi),True,"Select (Ctrl for multi)|['Poultry', 'Poultry']|['Cattle Dairy', 'Cattle Dairy']|['Cattle Beef', 'Cattle Beef']|['Swine', 'Swine']|['Goat Dairy', 'Goat Dairy']|['Goat Meat', 'Goat Meat']|['Sheep', 'Sheep']",Select (Ctrl for multi)|Poultry|Cattle Dairy|Cattle Beef|Swine|Goat Dairy|Goat Meat|Sheep,True,6,496.019,95.6633,556.91,118.24,496.019,95.6633,556.91,118.24,1.0,0.0,0.0,Select (Ctrl fo _ _ _ _ _ ____ P o u lt r y
474,p0145d,Use Ctrl or Shift to select multiple,Ch,2097152,Select (Ctrl for multi),Select (Ctrl for multi),True,"Select (Ctrl for multi)|['Poultry', 'Poultry']|['Cattle Dairy', 'Cattle Dairy']|['Cattle Beef', 'Cattle Beef']|['Swine', 'Swine']|['Goat Dairy', 'Goat Dairy']|['Goat Meat', 'Goat Meat']|['Sheep', 'Sheep']",Select (Ctrl for multi)|Poultry|Cattle Dairy|Cattle Beef|Swine|Goat Dairy|Goat Meat|Sheep,True,7,496.431,693.057,557.322,715.634,496.431,693.057,557.322,715.634,1.0,0.0,0.0,Select (Ctrl fo _ _ _ _ _ ____ P o u lt r y
475,p0146d,Use Ctrl or Shift to select multiple,Ch,2097152,Select (Ctrl for multi),Select (Ctrl for multi),True,"Select (Ctrl for multi)|['Poultry', 'Poultry']|['Cattle Dairy', 'Cattle Dairy']|['Cattle Beef', 'Cattle Beef']|['Swine', 'Swine']|['Goat Dairy', 'Goat Dairy']|['Goat Meat', 'Goat Meat']|['Sheep', 'Sheep']",Select (Ctrl for multi)|Poultry|Cattle Dairy|Cattle Beef|Swine|Goat Dairy|Goat Meat|Sheep,True,7,496.001,657.386,556.892,679.963,496.001,657.386,556.892,679.963,1.0,0.0,0.0,Select (Ctrl fo _ _ _ _ _ ____ P o u lt r y
476,p0147d,Use Ctrl or Shift to select multiple,Ch,2097152,Select (Ctrl for multi),Select (Ctrl for multi),True,"Select (Ctrl for multi)|['Poultry', 'Poultry']|['Cattle Dairy', 'Cattle Dairy']|['Cattle Beef', 'Cattle Beef']|['Swine', 'Swine']|['Goat Dairy', 'Goat Dairy']|['Goat Meat', 'Goat Meat']|['Sheep', 'Sheep']",Select (Ctrl for multi)|Poultry|Cattle Dairy|Cattle Beef|Swine|Goat Dairy|Goat Meat|Sheep,True,7,496.431,622.145,557.322,644.722,496.431,622.145,557.322,644.722,1.0,0.0,0.0,Select (Ctrl fo _ _ _ _ _ ____ P o u lt r y
477,p0148d,Use Ctrl or Shift to select multiple,Ch,2097152,Select (Ctrl for multi),Select (Ctrl for multi),True,"Select (Ctrl for multi)|['Poultry', 'Poultry']|['Cattle Dairy', 'Cattle Dairy']|['Cattle Beef', 'Cattle Beef']|['Swine', 'Swine']|['Goat Dairy', 'Goat Dairy']|['Goat Meat', 'Goat Meat']|['Sheep', 'Sheep']",Select (Ctrl for multi)|Poultry|Cattle Dairy|Cattle Beef|Swine|Goat Dairy|Goat Meat|Sheep,True,7,496.431,587.764,557.322,610.341,496.431,587.764,557.322,610.341,1.0,0.0,0.0,Select (Ctrl fo _ _ _ _ _ ____ P o u lt r y
478,p0149d,Use Ctrl or Shift to select multiple,Ch,2097152,Select (Ctrl for multi),Select (Ctrl for multi),True,"Select (Ctrl for multi)|['Poultry', 'Poultry']|['Cattle Dairy', 'Cattle Dairy']|['Cattle Beef', 'Cattle Beef']|['Swine', 'Swine']|['Goat Dairy', 'Goat Dairy']|['Goat Meat', 'Goat Meat']|['Sheep', 'Sheep']",Select (Ctrl for multi)|Poultry|Cattle Dairy|Cattle Beef|Swine|Goat Dairy|Goat Meat|Sheep,True,7,496.431,552.523,557.322,575.1,496.431,552.523,557.322,575.1,1.0,0.0,0.0,Select (Ctrl fo _ _ _ _ _ ____ P o u lt r y
479,p0150d,Use Ctrl or Shift to select multiple,Ch,2097152,Select (Ctrl for multi),Select (Ctrl for multi),True,"Select (Ctrl for multi)|['Poultry', 'Poultry']|['Cattle Dairy', 'Cattle Dairy']|['Cattle Beef', 'Cattle Beef']|['Swine', 'Swine']|['Goat Dairy', 'Goat Dairy']|['Goat Meat', 'Goat Meat']|['Sheep', 'Sheep']",Select (Ctrl for multi)|Poultry|Cattle Dairy|Cattle Beef|Swine|Goat Dairy|Goat Meat|Sheep,True,7,496.431,516.852,557.322,539.429,496.431,516.852,557.322,539.429,1.0,0.0,0.0,Select (Ctrl fo _ _ _ _ _ ____ P o u lt r y
480,p0151d,Use Ctrl or Shift to select multiple,Ch,2097152,Select (Ctrl for multi),Select (Ctrl for multi),True,"Select (Ctrl for multi)|['Poultry', 'Poultry']|['Cattle Dairy', 'Cattle Dairy']|['Cattle Beef', 'Cattle Beef']|['Swine', 'Swine']|['Goat Dairy', 'Goat Dairy']|['Goat Meat', 'Goat Meat']|['Sheep', 'Sheep']",Select (Ctrl for multi)|Poultry|Cattle Dairy|Cattle Beef|Swine|Goat Dairy|Goat Meat|Sheep,True,7,469.785,371.161,554.314,393.738,469.785,371.161,554.314,393.738,1.0,0.0,0.0,Select (Ctrl for mul _ _ _ _ _ _________ P o u l tr y
481,p0165d,Use Ctrl or Shift to select multiple,Ch,2097152,Select (Ctrl for multi),Select (Ctrl for multi),True,"Select (Ctrl for multi)|['Poultry', 'Poultry']|['Cattle Dairy', 'Cattle Dairy']|['Cattle Beef', 'Cattle Beef']|['Swine', 'Swine']|['Goat Dairy', 'Goat Dairy']|['Goat Meat', 'Goat Meat']|['Sheep', 'Sheep']",Select (Ctrl for multi)|Poultry|Cattle Dairy|Cattle Beef|Swine|Goat Dairy|Goat Meat|Sheep,True,8,470.215,517.067,554.744,539.644,470.215,517.067,554.744,539.644,1.0,0.0,0.0,Select (Ctrl for mul (cid:66) (cid:66) (cid:66) (cid:66) (cid:66) (cid:66)(cid:66)(cid:66)(cid:66)(cid:66)(cid:66)(cid:66)(cid:66)(cid:66) P o u l tr y
482,p0164d,Use Ctrl or Shift to select multiple,Ch,2097152,Select (Ctrl for multi),Select (Ctrl for multi),True,"Select (Ctrl for multi)|['Poultry', 'Poultry']|['Cattle Dairy', 'Cattle Dairy']|['Cattle Beef', 'Cattle Beef']|['Swine', 'Swine']|['Goat Dairy', 'Goat Dairy']|['Goat Meat', 'Goat Meat']|['Sheep', 'Sheep']",Select (Ctrl for multi)|Poultry|Cattle Dairy|Cattle Beef|Swine|Goat Dairy|Goat Meat|Sheep,True,8,470.546,551.977,555.075,574.554,470.546,551.977,555.075,574.554,1.0,0.0,0.0,Select (Ctrl for mul (cid:66) (cid:66) (cid:66) (cid:66) (cid:66) (cid:66)(cid:66)(cid:66)(cid:66)(cid:66)(cid:66)(cid:66)(cid:66)(cid:66) P o u l tr y
483,p0163d,Use Ctrl or Shift to select multiple,Ch,2097152,Select (Ctrl for multi),Select (Ctrl for multi),True,"Select (Ctrl for multi)|['Poultry', 'Poultry']|['Cattle Dairy', 'Cattle Dairy']|['Cattle Beef', 'Cattle Beef']|['Swine', 'Swine']|['Goat Dairy', 'Goat Dairy']|['Goat Meat', 'Goat Meat']|['Sheep', 'Sheep']",Select (Ctrl for multi)|Poultry|Cattle Dairy|Cattle Beef|Swine|Goat Dairy|Goat Meat|Sheep,True,8,470.877,587.317,555.406,609.893,470.877,587.317,555.406,609.893,1.0,0.0,0.0,Select (Ctrl for mul (cid:66) (cid:66) (cid:66) (cid:66) (cid:66) (cid:66)(cid:66)(cid:66)(cid:66)(cid:66)(cid:66)(cid:66)(cid:66)(cid:66) P o u l tr y
484,p0162d,Use Ctrl or Shift to select multiple,Ch,2097152,Select (Ctrl for multi),Select (Ctrl for multi),True,"Select (Ctrl for multi)|['Poultry', 'Poultry']|['Cattle Dairy', 'Cattle Dairy']|['Cattle Beef', 'Cattle Beef']|['Swine', 'Swine']|['Goat Dairy', 'Goat Dairy']|['Goat Meat', 'Goat Meat']|['Sheep', 'Sheep']",Select (Ctrl for multi)|Poultry|Cattle Dairy|Cattle Beef|Swine|Goat Dairy|Goat Meat|Sheep,True,8,470.448,622.128,554.976,644.704,470.448,622.128,554.976,644.704,1.0,0.0,0.0,Select (Ctrl for mul (cid:66) (cid:66) (cid:66) (cid:66) (cid:66) (cid:66)(cid:66)(cid:66)(cid:66)(cid:66)(cid:66)(cid:66)(cid:66)(cid:66) P o u l tr y
485,p0161d,Use Ctrl or Shift to select multiple,Ch,2097152,Select (Ctrl for multi),Select (Ctrl for multi),True,"Select (Ctrl for multi)|['Poultry', 'Poultry']|['Cattle Dairy', 'Cattle Dairy']|['Cattle Beef', 'Cattle Beef']|['Swine', 'Swine']|['Goat Dairy', 'Goat Dairy']|['Goat Meat', 'Goat Meat']|['Sheep', 'Sheep']",Select (Ctrl for multi)|Poultry|Cattle Dairy|Cattle Beef|Swine|Goat Dairy|Goat Meat|Sheep,True,8,470.476,657.77,555.004,680.347,470.476,657.77,555.004,680.347,1.0,0.0,0.0,Select (Ctrl for mul (cid:66) (cid:66) (cid:66) (cid:66) (cid:66) (cid:66)(cid:66)(cid:66)(cid:66)(cid:66)(cid:66)(cid:66)(cid:66)(cid:66) P o u l tr y
486,p0160d,Use Ctrl or Shift to select multiple,Ch,2097152,Select (Ctrl for multi),Select (Ctrl for multi),True,"Select (Ctrl for multi)|['Poultry', 'Poultry']|['Cattle Dairy', 'Cattle Dairy']|['Cattle Beef', 'Cattle Beef']|['Swine', 'Swine']|['Goat Dairy', 'Goat Dairy']|['Goat Meat', 'Goat Meat']|['Sheep', 'Sheep']",Select (Ctrl for multi)|Poultry|Cattle Dairy|Cattle Beef|Swine|Goat Dairy|Goat Meat|Sheep,True,8,470.377,693.539,554.906,716.116,470.377,693.539,554.906,716.116,1.0,0.0,0.0,Select (Ctrl for mul (cid:66) (cid:66) (cid:66) (cid:66) (cid:66) (cid:66)(cid:66)(cid:66)(cid:66)(cid:66)(cid:66)(cid:66)(cid:66)(cid:66) P o u l tr y
487,p0159d,Use Ctrl or Shift to select multiple,Ch,2097152,Select (Ctrl for multi),Select (Ctrl for multi),True,"Select (Ctrl for multi)|['Poultry', 'Poultry']|['Cattle Dairy', 'Cattle Dairy']|['Cattle Beef', 'Cattle Beef']|['Swine', 'Swine']|['Goat Dairy', 'Goat Dairy']|['Goat Meat', 'Goat Meat']|['Sheep', 'Sheep']",Select (Ctrl for multi)|Poultry|Cattle Dairy|Cattle Beef|Swine|Goat Dairy|Goat Meat|Sheep,True,7,470.279,90.2455,554.807,112.822,470.279,90.2455,554.807,112.822,1.0,0.0,0.0,Select (Ctrl for mul _ _ _ _ _ _________ P o u l tr y
488,p0158d,Use Ctrl or Shift to select multiple,Ch,2097152,Select (Ctrl for multi),Select (Ctrl for multi),True,"Select (Ctrl for multi)|['Poultry', 'Poultry']|['Cattle Dairy', 'Cattle Dairy']|['Cattle Beef', 'Cattle Beef']|['Swine', 'Swine']|['Goat Dairy', 'Goat Dairy']|['Goat Meat', 'Goat Meat']|['Sheep', 'Sheep']",Select (Ctrl for multi)|Poultry|Cattle Dairy|Cattle Beef|Swine|Goat Dairy|Goat Meat|Sheep,True,7,470.18,125.155,554.708,147.732,470.18,125.155,554.708,147.732,1.0,0.0,0.0,Select (Ctrl for mul _ _ _ _ _ _________ P o u l tr y
489,p0157d,Use Ctrl or Shift to select multiple,Ch,2097152,Select (Ctrl for multi),Select (Ctrl for multi),True,"Select (Ctrl for multi)|['Poultry', 'Poultry']|['Cattle Dairy', 'Cattle Dairy']|['Cattle Beef', 'Cattle Beef']|['Swine', 'Swine']|['Goat Dairy', 'Goat Dairy']|['Goat Meat', 'Goat Meat']|['Sheep', 'Sheep']",Select (Ctrl for multi)|Poultry|Cattle Dairy|Cattle Beef|Swine|Goat Dairy|Goat Meat|Sheep,True,7,470.511,160.065,555.039,182.642,470.511,160.065,555.039,182.642,1.0,0.0,0.0,Select (Ctrl for mul _ _ _ _ _ _________ P o u l tr y
490,p0156d,Use Ctrl or Shift to select multiple,Ch,2097152,Select (Ctrl for multi),Select (Ctrl for multi),True,"Select (Ctrl for multi)|['Poultry', 'Poultry']|['Cattle Dairy', 'Cattle Dairy']|['Cattle Beef', 'Cattle Beef']|['Swine', 'Swine']|['Goat Dairy', 'Goat Dairy']|['Goat Meat', 'Goat Meat']|['Sheep', 'Sheep']",Select (Ctrl for multi)|Poultry|Cattle Dairy|Cattle Beef|Swine|Goat Dairy|Goat Meat|Sheep,True,7,470.412,194.975,554.941,217.552,470.412,194.975,554.941,217.552,1.0,0.0,0.0,Select (Ctrl for mul _ _ _ _ _ _________ P o u l tr y
491,p0155d,Use Ctrl or Shift to select multiple,Ch,2097152,Select (Ctrl for multi),Select (Ctrl for multi),True,"Select (Ctrl for multi)|['Poultry', 'Poultry']|['Cattle Dairy', 'Cattle Dairy']|['Cattle Beef', 'Cattle Beef']|['Swine', 'Swine']|['Goat Dairy', 'Goat Dairy']|['Goat Meat', 'Goat Meat']|['Sheep', 'Sheep']",Select (Ctrl for multi)|Poultry|Cattle Dairy|Cattle Beef|Swine|Goat Dairy|Goat Meat|Sheep,True,7,471.173,230.314,555.702,252.891,471.173,230.314,555.702,252.891,1.0,0.0,0.0,Select (Ctrl for mul __ _ _ _ _________ P o u ltr y
492,p0154d,Use Ctrl or Shift to select multiple,Ch,2097152,Select (Ctrl for multi),Select (Ctrl for multi),True,"Select (Ctrl for multi)|['Poultry', 'Poultry']|['Cattle Dairy', 'Cattle Dairy']|['Cattle Beef', 'Cattle Beef']|['Swine', 'Swine']|['Goat Dairy', 'Goat Dairy']|['Goat Meat', 'Goat Meat']|['Sheep', 'Sheep']",Select (Ctrl for multi)|Poultry|Cattle Dairy|Cattle Beef|Swine|Goat Dairy|Goat Meat|Sheep,True,7,470.215,265.654,554.744,288.231,470.215,265.654,554.744,288.231,1.0,0.0,0.0,Select (Ctrl for mul _ _ _ _ _ _________ P o u l tr y
493,p0153d,Use Ctrl or Shift to select multiple,Ch,2097152,Select (Ctrl for multi),Select (Ctrl for multi),True,"Select (Ctrl for multi)|['Poultry', 'Poultry']|['Cattle Dairy', 'Cattle Dairy']|['Cattle Beef', 'Cattle Beef']|['Swine', 'Swine']|['Goat Dairy', 'Goat Dairy']|['Goat Meat', 'Goat Meat']|['Sheep', 'Sheep']",Select (Ctrl for multi)|Poultry|Cattle Dairy|Cattle Beef|Swine|Goat Dairy|Goat Meat|Sheep,True,7,470.117,300.563,554.645,323.14,470.117,300.563,554.645,323.14,1.0,0.0,0.0,Select (Ctrl for mul _ _ _ _ _ _________ P o u l tr y
494,p0152d,Use Ctrl or Shift to select multiple,Ch,2097152,Select (Ctrl for multi),Select (Ctrl for multi),True,"Select (Ctrl for multi)|['Poultry', 'Poultry']|['Cattle Dairy', 'Cattle Dairy']|['Cattle Beef', 'Cattle Beef']|['Swine', 'Swine']|['Goat Dairy', 'Goat Dairy']|['Goat Meat', 'Goat Meat']|['Sheep', 'Sheep']",Select (Ctrl for multi)|Poultry|Cattle Dairy|Cattle Beef|Swine|Goat Dairy|Goat Meat|Sheep,True,7,470.018,335.903,554.546,358.48,470.018,335.903,554.546,358.48,1.0,0.0,0.0,Select (Ctrl for mul _ _ _ _ _ _________ P o u l tr y
495,If Yes describe p0328oth,"If Yes, describe: p0328oth",Tx,,,,False,,,False,12,106.545,306.167,536.28,342.425,106.545,306.167,536.28,342.425,1.0,0.0,0.0,(cid:66)(cid:66)(cid:66)(cid:66)(cid:66)(cid:66)(cid:66)(cid:66)(cid:66)(cid:66)(cid:66)(cid:66)(cid:66)(cid:66)(cid:66)(cid:66)(cid:66)(cid:66)(cid:66)(cid:66)(cid:66)(cid:66)(cid:66)(cid:66)(cid:66)(cid:66)(cid:66)(cid:66)(cid:66)(cid:66)(cid:66)(cid:66)(cid:66)(cid:66)(cid:66)(cid:66)(cid:66)(cid:66)(cid:66)(cid:66)(cid:66)(cid:66)(cid:66)(cid:66)(cid:66)(cid:66)(cid:66)(cid:66)(cid:66)(cid:66)(cid:66)(cid:66)(cid:66)(cid:66)(cid:66)(cid:66)(cid:66)(cid:66)(cid:66)(cid:66)(cid:66)(cid:66)(cid:66)(cid:66)(cid:66)(cid:66)(cid:66)(cid:66)(cid:66)(cid:66)(cid:66)(cid:66)(cid:66)(cid:66)(cid:66)(cid:66)(cid:66) (cid:66)(cid:66)(cid:66)(cid:66)(cid:66)(cid:66)(cid:66)(cid:66)(cid:66)(cid:66)(cid:66)(cid:66)(cid:66)(cid:66)(cid:66)(cid:66)(cid:66)(cid:66)(cid:66)(cid:66)(cid:66)(cid:66)(cid:66)(cid:66)(cid:66)(cid:66)(cid:66)(cid:66)(cid:66)(cid:66)(cid:66)(cid:66)(cid:66)(cid:66)(cid:66)(cid:66)(cid:66)(cid:66)(cid:66)(cid:66)(cid:66)(cid:66)(cid:66)(cid:66)(cid:66)(cid:66)(cid:66)(cid:66)(cid:66)(cid:66)(cid:66)(cid:66)(cid:66)(cid:66)(cid:66)(cid:66)(cid:66)(cid:66)(cid:66)(cid:66)(cid:66)(cid:66)(cid:66)(cid:66)(cid:66)(cid:66)(cid:66)(cid:66)(cid:66)(cid:66)(cid:66)(cid:66)(cid:66)(cid:66)(cid:66)(cid:66)(cid:66)
496,CLEAR FORM,Select to clear all entries in the form,Btn,65536,,,False,BBox|Filter|FormType|Matrix|Resources|Subtype|Type|Off,,False,1,488.406,719.971,560.406,739.971,488.406,719.971,560.406,739.971,1.0,0.0,0.0,
497,p0323oth,Other,Tx,,,,False,,,False,12,167.494,546.555,324.8,560.82,167.494,546.555,324.8,560.82,1.0,0.0,0.0,(cid:76)(cid:17)(cid:50)(cid:87)(cid:75)(cid:72)(cid:85)(cid:11)(cid:86)(cid:83)(cid:72)(cid:70)(cid:76)(cid:73)(cid:92)(cid:29)(cid:66)(cid:66)(cid:66)(cid:66)(cid:66)(cid:66)(cid:66)(cid:66)(cid:66)(cid:66)(cid:66)(cid:66)(cid:66)(cid:66)(cid:66)(cid:66)(cid:66)(cid:66)(cid:66)(cid:66)(cid:66)(cid:66)(cid:66)(cid:66)(cid:66)(cid:66)(cid:66)(cid:66)(cid:83)(cid:19)(cid:22)(cid:21)(cid:22)(cid:82)(cid:87)(cid:75)(cid:12)(cid:83)(cid:19)(cid:22)(cid:21)(cid:22)
